volumeId,layerId,surfaceId,loc0_count,loc0_res_mean,loc0_res_std,loc0_pull_mean,loc0_pull_std,loc1_count,loc1_res_mean,loc1_res_std,loc1_pull_mean,loc1_pull_std,phi_count,phi_res_mean,phi_res_std,phi_pull_mean,phi_pull_std,theta_count,theta_res_mean,theta_res_std,theta_pull_mean,theta_pull_std,qop_count,qop_res_mean,qop_res_std,qop_pull_mean,qop_pull_std,time_count,time_res_mean,time_res_std,time_pull_mean,time_pull_std
17,2,9,20,0.00569942,0.0068476563,0.00569942,0.0068476563,20,-0.03989296,0.0004385952,-0.03989296,0.0004385952,20,-0.0003514737,0.0007635058,-0.020137958,0.04374566,20,-0.000531137,0.00027424048,-0.030431908,0.015712822,20,-0.010887594,0.027165668,-0.10763862,0.2686591,20,-1.1281006,25.906208,-0.003762938,0.08641381
17,2,10,1482,0.00026596128,0.014089917,0.00026596128,0.014089917,1482,-0.025970086,0.0047942493,-0.025970086,0.0047942493,1482,-1.9088755e-05,0.00079247664,-0.0010937051,0.045405567,1482,-0.00035330793,0.00021416048,-0.020243054,0.012270492,1482,-7.171292e-05,0.025579415,-0.0007132377,0.25413236,1482,1.2099882,26.274673,0.0040360866,0.08764288
17,2,11,5629,0.00025984092,0.01498195,0.00025984092,0.01498195,5629,-0.008895309,0.0054915203,-0.008895309,0.0054915203,5629,-1.3169428e-06,0.0007586711,-7.545525e-05,0.043468654,5629,-0.00014996713,0.00026699784,-0.008592484,0.015297849,5629,-0.00015821459,0.023878826,-0.0015572798,0.2372161,5629,-0.16811748,24.372316,-0.00056077953,0.0812973
17,2,12,5435,-0.00063369476,0.014684009,-0.00063369476,0.014684009,5435,0.008513751,0.00542451,0.008513751,0.00542451,5435,5.768533e-06,0.0007410919,0.0003305126,0.04246144,5435,0.0001304042,0.00026715102,0.00747161,0.0153066255,5435,-0.00020574764,0.02300076,-0.0020192133,0.22861394,5435,-0.18445496,24.307402,-0.00061527546,0.081080765
17,2,13,1423,-0.00040869217,0.014668475,-0.00040869217,0.014668475,1423,0.025911158,0.0046006753,0.025911158,0.0046006753,1423,2.15204e-05,0.0007793362,0.0012330281,0.044652678,1423,0.0003543293,0.00022154182,0.020301573,0.012693411,1423,0.00056977547,0.024549128,0.0056915265,0.24394041,1423,-0.010057302,24.774368,-3.3547552e-05,0.0826384
17,2,14,15,-0.013815594,0.007327957,-0.013815594,0.007327957,15,0.039856974,0.0002722119,0.039856974,0.0002722119,15,0.00025571272,0.0004727376,0.0146512585,0.027085869,15,0.0005731026,0.00020636126,0.032836363,0.01182363,15,0.00021060705,0.022050645,0.0023471413,0.21858492,15,13.506346,21.057373,0.045052323,0.070239834
17,2,23,11,0.009768269,0.014325565,0.009768269,0.014325565,11,-0.02809195,0.021581678,-0.02809195,0.021581678,11,-0.0006079389,0.00070035824,-0.034832332,0.04012757,11,-0.00045865233,0.0004425089,-0.026278842,0.025353892,11,-0.020554733,0.025228687,-0.20521574,0.25205007,11,4.614661,27.80395,0.015392852,0.09274399
17,2,24,1405,0.0004936855,0.014816361,0.0004936855,0.014816361,1405,-0.020201728,0.014323246,-0.020201728,0.014323246,1405,-2.07066e-05,0.00079471746,-0.0011864009,0.04553396,1405,-0.00028253763,0.00029502442,-0.016188215,0.016903654,1405,-0.00036618332,0.025290845,-0.003625788,0.25114098,1405,-1.4225861,24.042843,-0.0047452366,0.080198295
17,2,25,5539,4.1829167e-05,0.014842659,4.1829167e-05,0.014842659,5539,-0.0067616785,0.008994014,-0.0067616785,0.008994014,5539,-1.21881385e-05,0.0007673403,-0.0006983289,0.043965362,5539,-0.000111250156,0.00027997943,-0.006374165,0.01604164,5539,-0.00066486455,0.02413902,-0.006617961,0.23992002,5539,0.68837184,24.728382,0.0022961614,0.082485005
17,2,26,5598,-0.0001544711,0.015028268,-0.0001544711,0.015028268,5598,0.006898666,0.009362437,0.006898666,0.009362437,5598,-3.3892395e-06,0.00075912673,-0.00019418912,0.043494757,5598,0.00011027117,0.00029727526,0.006318073,0.017032618,5598,-0.00034896893,0.023660066,-0.0034446917,0.23516345,5598,0.73413146,25.056583,0.002448799,0.083579764
17,2,27,1474,0.00038292207,0.014588825,0.00038292207,0.014588825,1474,0.020679643,0.013041903,0.020679643,0.013041903,1474,-4.688239e-05,0.0007785409,-0.002686163,0.04460711,1474,0.00029824037,0.00029792121,0.017087914,0.017069628,1474,-0.0013953543,0.025693536,-0.013914431,0.2551308,1474,0.9490278,24.332426,0.0031656162,0.08116424
17,2,28,17,0.00815272,0.011566154,0.00815272,0.011566154,17,0.027617062,0.017581502,0.027617062,0.017581502,17,-0.0004233683,0.00050407933,-0.024257217,0.02888162,17,0.0003988112,0.00030123274,0.022850199,0.017259365,17,-0.013616963,0.018398201,-0.13530213,0.18282144,17,-3.879128,19.377691,-0.012939379,0.06463702
17,2,37,11,0.008495287,0.016264634,0.008495287,0.016264634,11,-0.040219568,0.00023744963,-0.040219568,0.00023744963,11,-0.00024817206,0.0007232136,-0.0142192105,0.041437086,11,-0.0004347888,0.00023793991,-0.024911564,0.013632952,11,-0.0023237169,0.022669548,-0.023147075,0.22466095,11,5.733995,13.717177,0.019126548,0.04575558
17,2,38,1477,-0.0004434593,0.015276792,-0.0004434593,0.015276792,1477,-0.025547395,0.0045883814,-0.025547395,0.0045883814,1477,-4.022123e-06,0.0007697369,-0.00023045065,0.044102676,1477,-0.000351674,0.00021044267,-0.020149438,0.012057477,1477,-0.0009926627,0.024818722,-0.009873788,0.24653196,1477,-0.3027851,23.23204,-0.0010099824,0.07749375
17,2,39,5702,-0.00020079613,0.014744056,-0.00020079613,0.014744056,5702,-0.008636557,0.005499829,-0.008636557,0.005499829,5702,9.585372e-06,0.00076876336,0.0005492014,0.044046897,5702,-0.00014300896,0.0002618117,-0.00819381,0.015000707,5702,0.00020970906,0.024195885,0.0020929868,0.24035643,5702,-1.4143728,24.737087,-0.0047178394,0.08251405
17,2,40,5435,-0.00015762018,0.015076116,-0.00015762018,0.015076116,5435,0.008283131,0.005431564,0.008283131,0.005431564,5435,1.9302737e-05,0.00076451857,0.0011059653,0.04380369,5435,0.00014138465,0.00026439005,0.008100743,0.015148435,5435,0.0005144359,0.023916248,0.0051202476,0.23773608,5435,0.40096843,25.197243,0.0013374868,0.08404896
17,2,41,1479,0.00032711378,0.015372781,0.00032711378,0.015372781,1479,0.026329504,0.004967887,0.026329504,0.004967887,1479,5.601144e-06,0.0008001951,0.0003209219,0.0458478,1479,0.00037094514,0.0002146633,0.021253591,0.012299302,1479,0.000108579836,0.025192685,0.0010762186,0.2504796,1479,-2.2492266,23.421766,-0.0075026127,0.0781266
17,2,42,12,0.0035828352,0.005378595,0.0035828352,0.005378595,12,0.040345192,0.00017365445,0.040345192,0.00017365445,12,-6.6022076e-05,0.0003751328,-0.0037827867,0.021493526,12,0.0004384319,0.00013459689,0.025120297,0.0077118343,12,-0.0023050213,0.017009318,-0.023079256,0.16956854,12,-2.7635853,22.9129,-0.009218328,0.07642921
17,2,51,16,-0.0037022382,0.012116117,-0.0037022382,0.012116117,16,-0.021060824,0.020931888,-0.021060824,0.020931888,16,0.00015719235,0.00051732344,0.009006458,0.02964045,16,-0.00016387552,0.0004989757,-0.009389376,0.0285892,16,0.010624757,0.014364859,0.10571018,0.14311762,16,-2.1060634,10.42756,-0.007025071,0.034782596
17,2,52,1351,-0.00086025905,0.014841505,-0.00086025905,0.014841505,1351,-0.021397736,0.01287541,-0.021397736,0.01287541,1351,3.8695725e-05,0.00080652285,0.0022171016,0.046210356,1351,-0.00030680597,0.00027104345,-0.017578688,0.015529647,1351,0.00056869717,0.025385598,0.005637309,0.25228855,1351,0.43166557,24.672876,0.0014398814,0.08229986
17,2,53,5667,-0.00023658332,0.0148911495,-0.00023658332,0.0148911495,5667,-0.0067807944,0.009338719,-0.0067807944,0.009338719,5667,1.0599045e-06,0.00075035525,6.0728045e-05,0.04299219,5667,-0.00010486549,0.0002772507,-0.0060083503,0.015885295,5667,0.0001217944,0.02301308,0.001210519,0.2286833,5667,-0.5973036,24.426146,-0.0019923905,0.08147686
17,2,54,5427,0.00027530637,0.01498303,0.00027530637,0.01498303,5427,0.007413218,0.009229424,0.007413218,0.009229424,5427,-8.392053e-06,0.00074948027,-0.00048082924,0.04294206,5427,0.00012243459,0.00027943696,0.0070149857,0.016010558,5427,-0.00041724485,0.023263168,-0.0041683028,0.23122244,5427,-0.9572467,24.201883,-0.0031930318,0.0807288
17,2,55,1370,0.0012953022,0.014674916,0.0012953022,0.014674916,1370,0.021461446,0.012261877,0.021461446,0.012261877,1370,-3.5083292e-05,0.0007461581,-0.0020101247,0.042751715,1370,0.0003041652,0.00028713892,0.017427381,0.016451849,1370,-0.00041449306,0.024003921,-0.0041016317,0.23865524,1370,1.0758364,25.579416,0.0035886045,0.08532375
17,2,56,25,0.005692248,0.015860938,0.005692248,0.015860938,25,0.021871032,0.021255497,0.021871032,0.021255497,25,5.018711e-05,0.0004847933,0.00287551,0.02777661,25,0.00021314621,0.00033495785,0.012212378,0.019191671,25,0.004716522,0.0116622895,0.046951976,0.116153136,25,-18.730232,21.48035,-0.062477328,0.07165074
17,2,65,15,0.0004462242,0.009996088,0.0004462242,0.009996088,15,-0.040044274,0.0003387414,-0.040044274,0.0003387414,15,-4.8057238e-05,0.0008678672,-0.0027534768,0.04972513,15,-0.0005180836,0.00016865908,-0.029684003,0.009663454,15,-0.0021147232,0.033274624,-0.019997466,0.32940167,15,2.4949832,23.671629,0.008322368,0.07896005
17,2,66,1525,0.0008512263,0.014918166,0.0008512263,0.014918166,1525,-0.02061701,0.013734519,-0.02061701,0.013734519,1525,-1.7532364e-05,0.0007758326,-0.0010045305,0.044451937,1525,-0.00028014925,0.0002879244,-0.01605137,0.016496854,1525,1.1761838e-05,0.024590496,0.00012495062,0.24416739,1525,0.45236763,25.430561,0.001508936,0.08482722
17,2,67,5843,1.9174142e-05,0.014924339,1.9174142e-05,0.014924339,5843,-0.0065890183,0.009642957,-0.0065890183,0.009642957,5843,-1.123848e-05,0.00075428246,-0.0006439175,0.0432172,5843,-0.000101518,0.00028631237,-0.005816553,0.01640449,5843,-5.2799816e-05,0.023140728,-0.00054559886,0.22995389,5843,0.40296245,25.63803,0.001344138,0.08551926
17,2,68,5667,-8.08456e-05,0.014955457,-8.08456e-05,0.014955457,5667,0.006984335,0.009741576,0.006984335,0.009741576,5667,-1.5535283e-06,0.00077136874,-8.9010646e-05,0.044196174,5667,0.00011437512,0.0002805162,0.0065532117,0.016072394,5667,-0.00019551937,0.023584718,-0.0019492075,0.23424159,5667,0.2824911,25.070532,0.0009422889,0.08362629
17,2,69,1333,0.0009030246,0.015526663,0.0009030246,0.015526663,1333,0.019841278,0.013508979,0.019841278,0.013508979,1333,-1.0654073e-05,0.00081109744,-0.0006104334,0.04647246,1333,0.00027537937,0.00029012686,0.015778076,0.016623044,1333,0.00048834406,0.02547885,0.0047803307,0.25323227,1333,1.2336477,24.579329,0.004115006,0.08198782
17,2,70,21,-0.003037532,0.014275202,-0.003037532,0.014275202,21,0.035951342,0.007269775,0.035951342,0.007269775,21,0.00022503307,0.00065123796,0.012893446,0.03731319,21,0.0005581095,0.00029137157,0.03197732,0.016694361,21,0.010351062,0.021309255,0.1033859,0.21266155,21,11.439797,6.6843114,0.038159057,0.022296464
17,2,79,29,0.0068244073,0.015790299,0.0068244073,0.015790299,29,-0.03262263,0.016085098,-0.03262263,0.016085098,29,-0.0003232668,0.0006943617,-0.018521825,0.039783996,29,-0.00040055142,0.00024181746,-0.022949908,0.013855119,29,-0.009280883,0.025291674,-0.09161824,0.2496883,29,10.695367,18.366611,0.035675906,0.061264426
17,2,80,1491,0.0007340097,0.0150075285,0.0007340097,0.0150075285,1491,-0.020638937,0.01288426,-0.020638937,0.01288426,1491,-2.9555309e-05,0.0007696241,-0.0016933944,0.044096213,1491,-0.00028559516,0.00027531286,-0.016363397,0.015774265,1491,-0.00073304825,0.024848184,-0.0072959685,0.24691305,1491,-0.36799517,25.200102,-0.0012274997,0.08405849
17,2,81,5649,-0.000326766,0.014751941,-0.000326766,0.014751941,5649,-0.006843334,0.009389822,-0.006843334,0.009389822,5649,2.359274e-06,0.00076690194,0.00013517644,0.043940246,5649,-0.000119054734,0.0002797247,-0.006821334,0.016027045,5649,-0.0001203951,0.023940353,-0.0012138083,0.23797953,5649,0.013487825,24.327374,4.4990535e-05,0.08114738
17,2,82,5679,2.8945591e-05,0.014950222,2.8945591e-05,0.014950222,5679,0.006852388,0.009452165,0.006852388,0.009452165,5679,-7.2696466e-06,0.00077456975,-0.00041652008,0.04437958,5679,0.000106010855,0.00028480293,0.0060739745,0.016318005,5679,-0.00021146565,0.02420685,-0.002120864,0.24053866,5679,-0.8675322,24.47072,-0.002893776,0.08162554
17,2,83,1346,-0.00020870812,0.014979408,-0.00020870812,0.014979408,1346,0.021369362,0.012356917,0.021369362,0.012356917,1346,3.0800235e-05,0.000783741,0.0017647234,0.04490505,1346,0.00028441148,0.00029537323,0.016295578,0.01692364,1346,0.0009965003,0.025002372,0.009880815,0.24849457,1346,0.22518387,23.441023,0.0007511326,0.07819084
17,2,84,14,-0.00031403132,0.022681504,-0.00031403132,0.022681504,14,0.039637975,0.00037105987,0.039637975,0.00037105987,14,0.00018072128,0.000733463,0.010354566,0.042024333,14,0.00048708916,0.00019232226,0.027908156,0.011019253,14,0.009498139,0.020661606,0.09483401,0.20561609,14,-8.027842,17.334858,-0.026777998,0.057822865
17,2,93,1,-0.022681355,,-0.022681355,,1,-0.039886475,,-0.039886475,,1,0.00093758106,,0.05371944,,1,-0.00032186508,,-0.018441511,,1,0.024643652,,0.24454418,,1,40.670715,,0.13566291,
17,2,94,1569,0.000291923,0.014480647,0.000291923,0.014480647,1569,-0.021583715,0.012411039,-0.021583715,0.012411039,1569,-9.029477e-06,0.00080551207,-0.0005173509,0.046152443,1569,-0.00030886914,0.00027981764,-0.017696898,0.01603237,1569,0.00022403536,0.025687343,0.0022295872,0.25529757,1569,0.7539473,23.453428,0.0025148978,0.078232214
17,2,95,5618,-0.00016273856,0.014841677,-0.00016273856,0.014841677,5618,-0.0067657875,0.009306214,-0.0067657875,0.009306214,5618,1.3209738e-05,0.0007616897,0.0007568623,0.043641604,5618,-0.0001078714,0.00027954593,-0.006180576,0.016016802,5618,0.00080999115,0.02398451,0.008058925,0.2382744,5618,1.1563634,25.059872,0.0038572133,0.08359074
17,2,96,5769,0.00051505276,0.014645593,0.00051505276,0.014645593,5769,0.006605418,0.0096205,0.006605418,0.0096205,5769,-9.861495e-06,0.00074641145,-0.00056502206,0.042766225,5769,0.00011485843,0.00028485403,0.0065809037,0.016320933,5769,-0.00020034424,0.023546476,-0.0019796863,0.23396537,5769,1.4406593,24.434168,0.0048055216,0.08150361
17,2,97,1419,0.00025398695,0.015383189,0.00025398695,0.015383189,1419,0.020956172,0.013599239,0.020956172,0.013599239,1419,5.705664e-06,0.00074711116,0.00032691046,0.042806316,1419,0.00028281467,0.0002906936,0.016204087,0.016655516,1419,0.00028471026,0.02349149,0.0028960255,0.2334477,1419,-1.6710441,24.974304,-0.005574004,0.083305314
17,2,98,20,-0.002758336,0.009737671,-0.002758336,0.009737671,20,0.0310071,0.021922033,0.0310071,0.021922033,20,0.000426811,0.00060337933,0.024454469,0.03457109,20,0.00033200384,0.0003397478,0.019022418,0.019466117,20,0.014920439,0.019551717,0.14822367,0.1938475,20,-11.020288,20.184376,-0.036759727,0.067327835
17,2,107,5,0.015480518,0.014505219,0.015480518,0.014505219,5,-0.008668518,0.018575914,-0.008668518,0.018575914,5,-0.0013844222,0.0010462737,-0.07932155,0.05994707,5,6.730556e-05,0.00020595209,0.0038563244,0.011800186,5,-0.039103616,0.038215447,-0.3855448,0.3763844,5,-14.562174,18.41645,-0.048574183,0.061430667
17,2,108,1521,0.00014528417,0.014801982,0.00014528417,0.014801982,1521,-0.016104234,0.016259668,-0.016104234,0.016259668,1521,3.921971e-05,0.0007851291,0.0022471237,0.044984583,1521,-0.00022698687,0.0003039794,-0.01300539,0.017416736,1521,0.0012789882,0.024049278,0.012635602,0.2390986,1521,0.16788462,26.08846,0.0005600028,0.087021746
17,2,109,5582,-4.3181753e-05,0.015158097,-4.3181753e-05,0.015158097,5582,-0.00479792,0.0113143055,-0.00479792,0.0113143055,5582,1.5177012e-05,0.00077835185,0.0008695787,0.044596277,5582,-8.429449e-05,0.00030036786,-0.0048297183,0.01720981,5582,0.0004396586,0.023906002,0.004346479,0.23747805,5582,0.38606724,24.80448,0.0012877817,0.08273884
17,2,110,5619,-0.00040512456,0.015321519,-0.00040512456,0.015321519,5619,0.0054538795,0.011655848,0.0054538795,0.011655848,5619,3.6675606e-06,0.000773369,0.00021013572,0.04431078,5619,8.612864e-05,0.00029375672,0.0049348073,0.01683102,5619,8.718477e-06,0.023685787,8.122828e-05,0.23530531,5619,0.056902487,24.573317,0.0001898062,0.08196776
17,2,111,1377,-0.0002687205,0.014522026,-0.0002687205,0.014522026,1377,0.017701933,0.015445594,0.017701933,0.015445594,1377,2.338992e-05,0.0007597808,0.0013401437,0.043532234,1377,0.0002492372,0.0002988685,0.014280239,0.017123904,1377,0.0003374622,0.023972994,0.003373876,0.23833343,1377,0.221841,25.039362,0.0007399821,0.08352232
17,2,112,11,0.007077824,0.0076958984,0.007077824,0.0076958984,11,0.0027153709,0.03072638,0.0027153709,0.03072638,11,7.9329715e-05,0.00069163105,0.004545258,0.03962754,11,1.408837e-07,0.00018636926,8.072111e-06,0.010678172,11,0.0058976035,0.016625242,0.058751095,0.1655862,11,-21.75464,19.203608,-0.072565675,0.064056344
17,2,121,9,0.013511443,0.017467378,0.013511443,0.017467378,9,-0.0396737,0.0002225785,-0.0396737,0.0002225785,9,-0.0007333557,0.0009088941,-0.042018186,0.052075796,9,-0.00039460923,0.00011491046,-0.022609444,0.006583885,9,-0.021547752,0.02661403,-0.21518989,0.26586476,9,8.868683,16.305859,0.029582743,0.054390494
17,2,122,1399,0.00093563437,0.0156243285,0.00093563437,0.0156243285,1399,-0.021454658,0.012391368,-0.021454658,0.012391368,1399,-2.9219738e-05,0.0007842304,-0.0016741678,0.044933096,1399,-0.00029551907,0.00026907443,-0.016931994,0.015416829,1399,-0.000807554,0.024411507,-0.0080696205,0.24235272,1399,0.27895722,25.106182,0.0009305011,0.08374521
17,2,123,5725,-0.000107188556,0.014843096,-0.000107188556,0.014843096,5725,-0.006988985,0.008894927,-0.006988985,0.008894927,5725,1.205488e-05,0.0007637163,0.0006906938,0.043757718,5725,-0.000112378024,0.000280551,-0.0064387866,0.01607439,5725,0.00019392278,0.023765776,0.0019506871,0.23618667,5725,0.1453058,25.152508,0.0004846881,0.08389974
17,2,124,5650,0.00033878576,0.014817166,0.00033878576,0.014817166,5650,0.0071643456,0.008699584,0.0071643456,0.008699584,5650,-9.022477e-06,0.00076713704,-0.00051694986,0.043953717,5650,0.00013014366,0.00028210678,0.0074566817,0.016163528,5650,-0.00017456038,0.023883844,-0.0017732941,0.2372546,5650,1.3989506,25.012299,0.004666397,0.08343205
17,2,125,1366,0.00027663627,0.014886486,0.00027663627,0.014886486,1366,0.020669201,0.013620641,0.020669201,0.013620641,1366,-6.677579e-05,0.0007970396,-0.003825971,0.045667008,1366,0.00028084006,0.00028157653,0.01609095,0.016133148,1366,-0.0020535267,0.024489142,-0.020481605,0.24334897,1366,-0.10330712,24.541594,-0.00034459558,0.08186195
17,2,126,22,-0.013195374,0.015441795,-0.013195374,0.015441795,22,0.034051202,0.014290112,0.034051202,0.014290112,22,0.00040763346,0.0005747247,0.023355676,0.032929298,22,0.00044870377,0.00041096326,0.025708832,0.023546461,22,0.007497633,0.013422749,0.07458368,0.13365573,22,3.8335578,24.15862,0.012787373,0.08058449
17,2,135,7,0.012368049,0.014478775,0.012368049,0.014478775,7,-0.03972135,0.00013563586,-0.03972135,0.00013563586,7,-0.000603761,0.0004731473,-0.034592956,0.027109342,7,-0.0005016838,0.00017021236,-0.028744366,0.00975245,7,-0.014717212,0.00848665,-0.146276,0.084244065,7,9.067958,18.629345,0.030247454,0.062140808
17,2,136,1364,0.0005782761,0.014567042,0.0005782761,0.014567042,1364,-0.02098421,0.012217176,-0.02098421,0.012217176,1364,-3.5156252e-06,0.0007530054,-0.00020143055,0.043144032,1364,-0.00029436452,0.00027408107,-0.016865846,0.01570369,1364,-6.980546e-05,0.024261788,-0.0006391493,0.24101336,1364,-0.7548423,24.769651,-0.0025178827,0.08262267
17,2,137,5727,-0.00014151714,0.01491357,-0.00014151714,0.01491357,5727,-0.006736468,0.008824202,-0.006736468,0.008824202,5727,9.085332e-06,0.0007645091,0.00052055117,0.043803144,5727,-0.00011380453,0.00028555686,-0.006520519,0.016361203,5727,0.00014104055,0.024038663,0.0013968904,0.23892951,5727,-0.0918158,24.667105,-0.00030626458,0.082280606
17,2,138,5783,-9.7526e-05,0.014647204,-9.7526e-05,0.014647204,5783,0.007109417,0.009234428,0.007109417,0.009234428,5783,2.1345842e-05,0.0007612992,0.0012230267,0.04361923,5783,0.00012307367,0.0002842498,0.0070516015,0.016286315,5783,0.0006921799,0.023946172,0.0068695666,0.23799689,5783,-0.08441104,24.811417,-0.00028156492,0.08276198
17,2,139,1375,0.00064165954,0.013961485,0.00064165954,0.013961485,1375,0.020850265,0.012741433,0.020850265,0.012741433,1375,-2.4775374e-05,0.000748204,-0.0014195243,0.042868935,1375,0.00030237675,0.00027029274,0.017324911,0.015486633,1375,-0.000419965,0.024566785,-0.0041637905,0.2440382,1375,-0.7431405,24.664986,-0.00247885,0.08227354
17,2,140,21,-0.003791832,0.013955346,-0.003791832,0.013955346,21,0.034904845,0.017367847,0.034904845,0.017367847,21,0.00010361274,0.00078880636,0.005936573,0.045195274,21,0.00042718934,0.0002481202,0.024476144,0.0142162405,21,3.379619e-05,0.02567073,0.00068574573,0.25417274,21,10.724645,20.971983,0.035773568,0.069955006
17,2,149,7,-0.018705709,0.014224149,-0.018705709,0.014224149,7,-0.036163058,0.009708318,-0.036163058,0.009708318,7,0.00042693954,0.0012857767,0.024461832,0.073669575,7,-0.00044219833,0.00024933813,-0.0253361,0.014286023,7,0.006972996,0.042447507,0.067614384,0.42072642,7,-9.468536,10.089126,-0.03158364,0.0336537
17,2,150,1377,-0.00096714555,0.01450631,-0.00096714555,0.01450631,1377,-0.0212108,0.01314354,-0.0212108,0.01314354,1377,2.3989896e-05,0.0007347403,0.0013745198,0.04209752,1377,-0.0002939715,0.00027393422,-0.016843326,0.015695274,1377,5.1401224e-05,0.023642303,0.0004636488,0.2350872,1377,0.5506745,25.843784,0.0018368525,0.08620559
17,2,151,5648,-0.00032201808,0.015181093,-0.00032201808,0.015181093,5648,-0.006755535,0.00908465,-0.006755535,0.00908465,5648,1.204799e-05,0.0007659207,0.00069029897,0.04388402,5648,-0.00011132662,0.00028254336,-0.0063785454,0.016188543,5648,0.00015335619,0.02345732,0.0015414804,0.23309916,5648,0.5888958,24.236092,0.001964345,0.080842905
17,2,152,5546,-0.00057559134,0.014557998,-0.00057559134,0.014557998,5546,0.006781426,0.009124684,0.006781426,0.009124684,5546,3.2132106e-05,0.0007545945,0.001841034,0.04323508,5546,0.00011868418,0.00028098543,0.0068001025,0.01609928,5546,0.0005517776,0.023483226,0.00550014,0.23335357,5546,-0.87896794,25.7762,-0.0029319215,0.08598015
17,2,153,1548,-8.250653e-05,0.014352954,-8.250653e-05,0.014352954,1548,0.020728055,0.01309847,0.020728055,0.01309847,1548,3.0958222e-06,0.0007454758,0.0001773776,0.042712618,1548,0.0002865666,0.000295574,0.016419055,0.016935142,1548,0.00039121322,0.022837168,0.0038637114,0.22692657,1548,0.17873077,24.940037,0.0005961817,0.08319101
17,2,154,18,0.008100927,0.012526538,0.008100927,0.012526538,18,0.035630863,0.012745325,0.035630863,0.012745325,18,-0.00019849009,0.00064834434,-0.011372644,0.037147395,18,0.00046614144,0.00029470987,0.026707938,0.016885633,18,-0.0052343216,0.021537788,-0.051678672,0.21316743,18,-3.715501,10.997464,-0.012393578,0.036683593
17,2,163,1,0.015227556,,0.015227556,,1,-0.03950119,,-0.03950119,,1,-0.00044083595,,-0.02525804,,1,0.00026488304,,0.015176681,,1,-0.019560888,,-0.19422556,,1,-52.77948,,-0.1760534,
17,2,164,1498,0.0011337934,0.014516163,0.0011337934,0.014516163,1498,-0.020963727,0.012538123,-0.020963727,0.012538123,1498,1.3464045e-05,0.00074383116,0.0007714328,0.042618386,1498,-0.00030103663,0.00026849317,-0.01724813,0.015383525,1498,0.0007201615,0.024449214,0.0070869173,0.24297412,1498,0.68320096,24.430092,0.002278913,0.08149002
17,2,165,5801,5.614447e-06,0.014857236,5.614447e-06,0.014857236,5801,-0.0068149096,0.009316964,-0.0068149096,0.009316964,5801,-6.07729e-06,0.00075175357,-0.00034820303,0.043072306,5801,-0.000111504494,0.0002798038,-0.0063887374,0.016031576,5801,-7.0438386e-05,0.023335086,-0.0006910878,0.23194095,5801,0.022994746,24.148928,7.6702105e-05,0.08055215
17,2,166,5920,-3.2467095e-05,0.014461906,-3.2467095e-05,0.014461906,5920,0.006754171,0.009261477,0.006754171,0.009261477,5920,3.0759622e-06,0.0007526884,0.00017623966,0.043125868,5920,0.00010973523,0.0002838246,0.006287366,0.016261952,5920,0.00013956564,0.023977613,0.0014226513,0.23827673,5920,-0.12737124,25.349335,-0.00042486473,0.08455628
17,2,167,1490,-0.0013711808,0.015408723,-0.0013711808,0.015408723,1490,0.020044051,0.0144544225,0.020044051,0.0144544225,1490,6.207684e-05,0.00080050103,0.003556741,0.04586533,1490,0.00028396654,0.00030703648,0.016270082,0.017591894,1490,0.0021505218,0.0254185,0.021356648,0.25254557,1490,1.4032826,25.543922,0.0046808473,0.08520536
17,2,168,26,0.0043857563,0.0109583475,0.0043857563,0.0109583475,26,0.03424916,0.016788857,0.03424916,0.016788857,26,-0.00015086394,0.0009824007,-0.008643867,0.05628742,26,0.00048522308,0.00032840206,0.027801234,0.018816052,26,-0.004242422,0.031890642,-0.042455576,0.31814688,26,-15.739434,31.050364,-0.0525011,0.10357287
17,2,177,22,0.000534823,0.0087428205,0.000534823,0.0087428205,22,-0.031199368,0.022199495,-0.031199368,0.022199495,22,0.00019082156,0.00064319524,0.01093327,0.036852375,22,-0.00028390775,0.0003940205,-0.016266717,0.022575712,22,0.005716759,0.021683639,0.056373417,0.21503183,22,-5.58352,24.397642,-0.018624617,0.081381775
17,2,178,1583,0.000101300946,0.015405037,0.000101300946,0.015405037,1583,-0.021361507,0.012171086,-0.021361507,0.012171086,1583,1.8025228e-05,0.000800672,0.0010327694,0.045875125,1583,-0.00030211173,0.00025687335,-0.017309727,0.014717759,1583,0.00051660364,0.024851933,0.0051455363,0.2471102,1583,0.61068887,26.507467,0.0020370388,0.0884194
17,2,179,5751,-0.00018583675,0.015085996,-0.00018583675,0.015085996,5751,-0.0071559544,0.009295662,-0.0071559544,0.009295662,5751,1.3062403e-05,0.0007722616,0.0007484206,0.04424733,5751,-0.00011634785,0.00027965524,-0.0066662407,0.016023064,5751,0.0003801099,0.023790348,0.0037678129,0.23643911,5751,-0.032664638,24.815365,-0.00010895743,0.08277515
17,2,180,5688,5.0128376e-05,0.015445893,5.0128376e-05,0.015445893,5688,0.006432961,0.0094971405,0.006432961,0.0094971405,5688,-6.8088457e-07,0.0007784079,-3.9011804e-05,0.04459949,5688,0.00011187815,0.0002874168,0.006410146,0.01646777,5688,0.00023581853,0.024389124,0.0023112455,0.24232875,5688,0.12606725,25.123814,0.00042051505,0.083804026
17,2,181,1570,-0.00016679277,0.014884901,-0.00016679277,0.014884901,1570,0.021235876,0.01230968,0.021235876,0.01230968,1570,1.1767704e-05,0.00074104033,0.00067423977,0.042458486,1570,0.00027358136,0.0002828575,0.015675057,0.016206542,1570,-6.610427e-05,0.023276757,-0.00064513506,0.23139103,1570,-0.4318099,26.210386,-0.0014403629,0.08742844
17,2,182,13,0.007369335,0.0044113738,0.007369335,0.0044113738,13,0.02571957,0.028008876,0.02571957,0.028008876,13,-0.00019398102,0.0005731082,-0.011114295,0.032836683,13,0.0005251077,0.0004283353,0.030086458,0.024541806,13,-0.00038965332,0.022534931,-0.004324488,0.22363387,13,35.90515,20.532576,0.119766705,0.068489306
17,2,191,22,0.016781,0.010833425,0.016781,0.010833425,22,-0.039923236,0.0003487666,-0.039923236,0.0003487666,22,-0.00057827344,0.0008809869,-0.033132628,0.05047683,22,-0.0005940145,0.00019653757,-0.034034524,0.011260774,22,-0.016976986,0.030673282,-0.16974673,0.30619818,22,-1.2081227,19.770412,-0.004029864,0.065946996
17,2,192,1427,-0.000618591,0.014783722,-0.000618591,0.014783722,1427,-0.020212436,0.013742553,-0.020212436,0.013742553,1427,2.3953466e-05,0.0007712182,0.0013724325,0.04418755,1427,-0.0002749429,0.00027449118,-0.015753068,0.015727187,1427,0.0009862973,0.02474608,0.009804402,0.24591629,1427,-0.11006111,25.43814,-0.0003671243,0.08485251
17,2,193,5630,0.0002862583,0.014689971,0.0002862583,0.014689971,5630,-0.0069555626,0.009079226,-0.0069555626,0.009079226,5630,-1.6233553e-05,0.00075858313,-0.00093011407,0.043463614,5630,-0.00011221945,0.00028304275,-0.0064297016,0.016217155,5630,-0.00061987626,0.023921506,-0.006143977,0.2377417,5630,0.352474,25.653206,0.0011757266,0.08556988
17,2,194,5623,0.00059294835,0.014696042,0.00059294835,0.014696042,5623,0.0068620597,0.009430317,0.0068620597,0.009430317,5623,-3.5831054e-05,0.00077885465,-0.0020529681,0.044625085,5623,0.000116322866,0.00028767574,0.0066648093,0.016482605,5623,-0.00069855415,0.024069984,-0.0069273286,0.23906559,5623,0.20679171,24.964712,0.00068978296,0.08327332
17,2,195,1411,-0.0012072021,0.014529171,-0.0012072021,0.014529171,1411,0.021032419,0.0127455555,0.021032419,0.0127455555,1411,1.9123332e-05,0.0007407637,0.0010956863,0.042442635,1411,0.00029421874,0.00027499246,0.016857494,0.015755909,1411,0.0003069315,0.023823624,0.0030334238,0.23681088,1411,-1.0666454,23.951786,-0.003557946,0.07989456
17,2,196,27,0.007151789,0.012813712,0.007151789,0.012813712,27,0.03987058,0.0002709117,0.03987058,0.0002709117,27,-0.0003666613,0.000706684,-0.021008145,0.040490013,27,0.00043829283,0.00016289181,0.025112329,0.009333013,27,-0.008198865,0.02016215,-0.08136383,0.20031662,27,-2.7523136,19.69896,-0.00918073,0.06570866
17,2,205,28,0.003888805,0.009569488,0.003888805,0.009569488,28,-0.020660128,0.026252676,-0.020660128,0.026252676,28,5.343982e-05,0.00076438213,0.0030618762,0.04379587,28,-0.00026176657,0.0004633871,-0.014998118,0.026550127,28,0.0008314188,0.02694151,0.007959677,0.26874852,28,-0.036996026,17.429173,-0.00012340628,0.05813746
17,2,206,1281,-0.0005680173,0.0148876,-0.0005680173,0.0148876,1281,-0.020630058,0.013806886,-0.020630058,0.013806886,1281,2.5238682e-05,0.00076747057,0.00144607,0.043972827,1281,-0.00029032218,0.0002822285,-0.016634235,0.016170502,1281,0.0005084884,0.023969036,0.005081387,0.23812227,1281,-0.3760083,24.398865,-0.0012542286,0.08138585
17,2,207,5605,0.000114630515,0.014382421,0.000114630515,0.014382421,5605,-0.0067564985,0.009338373,-0.0067564985,0.009338373,5605,0.00222519,0.20554765,0.12749399,11.777012,5605,-0.00011826266,0.0002835676,-0.006775951,0.016247228,5605,-0.0005345393,0.023894675,-0.0053168377,0.23742191,5605,0.44597113,25.43807,0.0014875997,0.08485227
17,2,208,5471,7.306596e-05,0.014948192,7.306596e-05,0.014948192,5471,0.006658591,0.0093929535,0.006658591,0.0093929535,5471,0.0022892363,0.12010808,0.13116357,6.8816867,5471,0.00011873736,0.00028715204,0.00680315,0.016452601,5471,-3.8211452e-05,0.024266085,-0.0003618699,0.2408916,5471,-0.7363939,24.85256,-0.0024563456,0.08289922
17,2,209,1404,-0.0007776825,0.015448605,-0.0007776825,0.015448605,1404,0.021138038,0.012820805,0.021138038,0.012820805,1404,0.0044852304,0.1676367,0.25698477,9.6048765,1404,0.00029455614,0.00027368328,0.016876824,0.015680898,1404,0.0008284565,0.024409428,0.0081472,0.24245122,1404,0.3151541,24.232138,0.001051241,0.08082971
17,2,210,15,-0.0025274276,0.008334669,-0.0025274276,0.008334669,15,0.033932876,0.012964784,0.033932876,0.012964784,15,0.00014710426,0.00063970534,0.0084284535,0.03665242,15,0.00037365753,0.00034914972,0.021409001,0.020004807,15,0.004192419,0.020769592,0.041358486,0.20614614,15,7.55435,21.25681,0.0251986,0.07090508
17,2,219,31,0.0031993042,0.0136945695,0.0031993042,0.0136945695,31,-0.025631936,0.022985628,-0.025631936,0.022985628,31,-0.00016639309,0.00057400437,-0.009533621,0.03288803,31,-0.00034431103,0.00037037217,-0.019727571,0.021220762,31,-0.0036631953,0.015275139,-0.036319204,0.15178847,31,-10.047843,15.82296,-0.033515997,0.05277971
17,2,220,1296,-0.0007688592,0.014671696,-0.0007688592,0.014671696,1296,-0.016718837,0.01677327,-0.016718837,0.01677327,1296,4.0317944e-05,0.000761228,0.0023100479,0.04361515,1296,-0.00022622547,0.00031959108,-0.012961765,0.01831122,1296,0.0011089464,0.024024775,0.0109671485,0.23875417,1296,-1.1402004,24.414162,-0.0038032993,0.08143688
17,2,221,5794,-0.0006508254,0.014560487,-0.0006508254,0.014560487,5794,-0.005242936,0.011368175,-0.005242936,0.011368175,5794,1.9835446e-05,0.0007620296,0.0011364873,0.043661084,5794,-8.214353e-05,0.0003016294,-0.0047064777,0.017282091,5794,0.00035749745,0.024554852,0.0035121923,0.24353883,5794,0.30489716,24.955679,0.0010170275,0.083243184
17,2,222,5629,-0.00035435264,0.0148968445,-0.00035435264,0.0148968445,5629,0.00528223,0.011205692,0.00528223,0.011205692,5629,1.6213608e-05,0.000764416,0.0009289713,0.043797813,5629,9.138124e-05,0.00029958217,0.0052357595,0.017164795,5629,0.00029562166,0.023934232,0.0029658435,0.23775804,5629,1.1378015,24.696672,0.0037952976,0.08237924
17,2,223,1409,-0.00012514817,0.014692259,-0.00012514817,0.014692259,1409,0.015928503,0.015956623,0.015928503,0.015956623,1409,-7.3706706e-06,0.00075431267,-0.00042230834,0.043218933,1409,0.00022082239,0.00031627252,0.01265219,0.01812108,1409,0.00015892957,0.023494555,0.0014955788,0.2336347,1409,1.1659483,25.476461,0.0038891851,0.08498033
17,2,224,13,-0.008113544,0.00638257,-0.008113544,0.00638257,13,0.019451728,0.027502527,0.019451728,0.027502527,13,0.00022227947,0.00066068745,0.012735676,0.037854604,13,0.00027973836,0.00048966985,0.016027827,0.028056016,13,0.005428936,0.018906306,0.054116376,0.18806584,13,7.3040237,29.026596,0.024363603,0.09682231
17,4,9,4,0.009621561,0.013991903,0.009621561,0.013991903,4,0.0015392303,0.013518263,0.0015392303,0.013518263,4,-0.000218953,0.00046900817,-0.012545083,0.02687219,4,0.0002604425,0.00021785959,0.014922256,0.0124824345,4,-0.011061266,0.013571652,-0.110287115,0.13537578,4,1.2001133,9.887438,0.0040031467,0.03298094
17,4,10,187,-0.002064466,0.015144257,-0.002064466,0.015144257,187,0.0016442706,0.015141985,0.0016442706,0.015141985,187,-2.4219002e-05,0.00072221865,-0.0013876465,0.04138008,187,6.698032e-05,0.00032077913,0.0038376898,0.018379292,187,-0.0016284591,0.02162444,-0.016219692,0.21518476,187,-1.1223067,24.306776,-0.0037436124,0.08107868
17,4,11,883,0.0004115848,0.014773825,0.0004115848,0.014773825,883,-0.00038920334,0.01475884,-0.00038920334,0.01475884,883,6.8121985e-06,0.0007748886,0.00039031025,0.044397846,883,-2.8935456e-05,0.00030824394,-0.0016578794,0.017661078,883,0.000101407124,0.02391028,0.0010421664,0.23783316,883,1.0810914,24.654758,0.003606133,0.08223943
17,4,12,950,-0.00011208652,0.014372247,-0.00011208652,0.014372247,950,-0.00031460766,0.015382958,-0.00031460766,0.015382958,950,-9.346177e-06,0.00073394954,-0.0005354965,0.042052213,950,-1.4594856e-05,0.00031176626,-0.00083622365,0.01786289,950,-0.0007607308,0.02277363,-0.0075283567,0.22640389,950,1.0702046,24.012756,0.0035698183,0.080097936
17,4,13,192,-0.0020903347,0.015714414,-0.0020903347,0.015714414,192,-0.0010077994,0.015238157,-0.0010077994,0.015238157,192,1.7052409e-05,0.0007933949,0.000977031,0.04545818,192,-5.4979078e-06,0.00031667753,-0.00031500697,0.018144287,192,0.0003278315,0.024199111,0.0032446652,0.24080057,192,-2.6189833,24.291945,-0.008735987,0.08102921
17,4,14,2,-0.0013127327,0.02722147,-0.0013127327,0.02722147,2,-0.0068588257,0.023985265,-0.0068588257,0.023985265,2,2.1432526e-05,0.00038380633,0.001227993,0.021990482,2,-1.9490719e-05,0.00019159957,-0.0011167361,0.0109778475,2,0.0043087713,0.0005526453,0.042891886,0.005503562,2,36.403984,19.738169,0.12143062,0.06583945
17,4,23,4,0.0016770959,0.0058902223,0.0016770959,0.0058902223,4,0.00086164474,0.022936353,0.00086164474,0.022936353,4,8.5892156e-05,0.00031678143,0.0049212584,0.018150238,4,0.00020501018,0.0003938784,0.0117462175,0.02256757,4,0.0026487745,0.008180312,0.026346957,0.08143248,4,19.464558,16.23089,0.06492677,0.054140422
17,4,24,216,-0.0009821093,0.015473641,-0.0009821093,0.015473641,216,0.00024673826,0.015111936,0.00024673826,0.015111936,216,3.1721916e-05,0.00083140726,0.0018175319,0.047636125,216,1.3024719e-05,0.0003218442,0.00074626156,0.018440315,216,0.0016132894,0.0240043,0.01600833,0.2385496,216,-0.4687688,24.444927,-0.0015636443,0.081539504
17,4,25,962,0.0005891582,0.014583667,0.0005891582,0.014583667,962,-0.0010614034,0.0155195,-0.0010614034,0.0155195,962,-3.579049e-05,0.0007622832,-0.0020506443,0.043675613,962,-1.8638906e-05,0.0003069148,-0.0010679306,0.017584922,962,-0.0012269354,0.023721742,-0.012213595,0.23579505,962,0.38914385,24.552849,0.0012980443,0.081899494
17,4,26,964,-0.0006014033,0.014852558,-0.0006014033,0.014852558,964,-0.00039943715,0.015428431,-0.00039943715,0.015428431,964,8.847302e-06,0.0007635648,0.0005069131,0.043749038,964,-1.3479554e-05,0.00031756278,-0.00077232154,0.018195007,964,-0.00018693063,0.023654314,-0.0017998887,0.23509502,964,-0.8315861,24.812395,-0.0027738728,0.082765244
17,4,27,220,0.0007076376,0.014655643,0.0007076376,0.014655643,220,-0.00038008724,0.01532467,-0.00038008724,0.01532467,220,-5.6530433e-05,0.00080180215,-0.003238955,0.045939878,220,5.7702714e-06,0.00028809678,0.0003306122,0.01650673,220,-0.00052894064,0.024367841,-0.0053551076,0.2422656,220,0.19828114,24.418516,0.0006613948,0.08145141
17,4,28,3,0.0044844947,0.0014213178,0.0044844947,0.0014213178,3,0.0050640106,0.013013392,0.0050640106,0.013013392,3,-0.000112121306,0.0002952192,-0.006424077,0.016914813,3,6.175041e-05,0.00017664142,0.0035380383,0.010120808,3,-0.003629138,0.014683654,-0.036080018,0.14623632,3,7.355802,27.576643,0.024536313,0.091985784
17,4,37,1,0.0066986084,,0.0066986084,,1,-0.011199951,,-0.011199951,,1,-0.00025320053,,-0.014507322,,1,-4.2557716e-05,,-0.0024383776,,1,-0.019500077,,-0.1935722,,1,4.784912,,0.01596075,
17,4,38,250,-5.964458e-05,0.0151852155,-5.964458e-05,0.0151852155,250,-0.0011739851,0.014543369,-0.0011739851,0.014543369,250,9.683609e-06,0.0007784893,0.0005548299,0.044604152,250,-8.791447e-06,0.00030769466,-0.0005037128,0.017629605,250,5.3293006e-05,0.02348198,0.00052065135,0.23347023,250,0.31191546,25.81976,0.0010404383,0.08612545
17,4,39,969,-0.00064490846,0.014826249,-0.00064490846,0.014826249,969,-0.00014291207,0.015062168,-0.00014291207,0.015062168,969,8.8478146e-07,0.0007602835,5.069423e-05,0.043561034,969,-4.262993e-06,0.00031206582,-0.0002442515,0.017880054,969,-0.00025043706,0.023745183,-0.0025058715,0.23608053,969,0.7412693,25.145945,0.0024726081,0.08387785
17,4,40,971,-0.00020746222,0.014912764,-0.00020746222,0.014912764,971,0.0006557252,0.015174895,0.0006557252,0.015174895,971,4.302289e-05,0.0007642556,0.0024650302,0.04378862,971,1.1315184e-05,0.00030763404,0.00064831227,0.017626133,971,0.0017260397,0.023752356,0.017173594,0.23608424,971,0.10279984,25.009417,0.00034290337,0.08342244
17,4,41,201,0.0014689713,0.015483724,0.0014689713,0.015483724,201,-0.0004890681,0.014236723,-0.0004890681,0.014236723,201,-6.778323e-06,0.00079364725,-0.00038836937,0.045472637,201,2.8746638e-06,0.0003175157,0.00016470606,0.01819231,201,0.0008613725,0.025016004,0.00857201,0.24861066,201,-1.6218954,24.623274,-0.0054100608,0.0821344
17,4,42,4,0.012682676,0.003872067,0.012682676,0.003872067,4,-0.009346008,0.018243793,-0.009346008,0.018243793,4,0.00022253394,0.0013215702,0.012750255,0.0757204,4,-0.00030601025,0.00040589916,-0.017533096,0.02325631,4,0.00929434,0.0549198,0.094310135,0.5466008,4,8.290455,18.45783,0.027653981,0.0615687
17,4,51,1,0.0022785664,,0.0022785664,,1,-0.009057999,,-0.009057999,,1,-1.0967255e-05,,-0.0006283774,,1,-0.00012040138,,-0.006898491,,1,-0.005718291,,-0.056930386,,1,-11.04715,,-0.036849327,
17,4,52,245,0.0016647285,0.01510484,0.0016647285,0.01510484,245,-0.00096088357,0.015213059,-0.00096088357,0.015213059,245,-5.5197306e-05,0.0007150172,-0.0031625729,0.04096747,245,-2.6909185e-05,0.00029898965,-0.0015417828,0.017130844,245,-0.0010931041,0.023154953,-0.010936491,0.23013061,245,1.4010723,24.85343,0.004673474,0.08290212
17,4,53,987,-8.3312116e-05,0.014751375,-8.3312116e-05,0.014751375,987,-0.0003946094,0.015544824,-0.0003946094,0.015544824,987,7.4269683e-06,0.00074582524,0.0004255339,0.042732637,987,-5.975924e-06,0.00031577423,-0.0003423952,0.018092532,987,0.00039013207,0.023558823,0.003839245,0.23428127,987,-1.442178,23.640594,-0.0048105884,0.07885654
17,4,54,973,0.0003141356,0.015164874,0.0003141356,0.015164874,973,-6.167693e-05,0.0153565295,-6.167693e-05,0.0153565295,973,3.4321984e-05,0.0007888609,0.0019665048,0.0451984,973,1.4816012e-06,0.00030201717,8.488947e-05,0.01730431,973,0.0013269786,0.024110444,0.0131706195,0.23957509,973,-0.8438913,26.17834,-0.0028149185,0.08732155
17,4,55,203,-0.00042577696,0.0152332485,-0.00042577696,0.0152332485,203,0.0013831184,0.015376992,0.0013831184,0.015376992,203,7.8132e-05,0.0007429978,0.004476634,0.04257064,203,-6.4472847e-06,0.00031124882,-0.0003694022,0.017833244,203,0.00238458,0.02294571,0.023849478,0.22813617,203,1.7218782,22.64842,0.005743567,0.075547
17,4,56,3,-0.0014239947,0.008538722,-0.0014239947,0.008538722,3,-0.014390945,0.016814189,-0.014390945,0.016814189,3,-0.0002530416,0.00078339066,-0.014498215,0.04488498,3,-0.000117341675,0.00044905345,-0.0067231827,0.025728868,3,-0.0187277,0.026517944,-0.18539464,0.26218945,3,-3.1023407,40.12006,-0.010348297,0.13382612
17,4,65,5,0.010389698,0.008631133,0.010389698,0.008631133,5,-0.0038253784,0.0046261004,-0.0038253784,0.0046261004,5,-0.00018491744,0.00031251,-0.010594989,0.017905504,5,-0.00020990372,0.0003025182,-0.012026598,0.017333016,5,-0.0046393513,0.011934203,-0.04629517,0.11870551,5,3.3869476,13.041609,0.011297641,0.043502126
17,4,66,229,-0.0017011482,0.013377626,-0.0017011482,0.013377626,229,0.0016216554,0.014817877,0.0016216554,0.014817877,229,7.30425e-05,0.0006786023,0.004185027,0.03888105,229,4.8821148e-05,0.00032431737,0.0027972457,0.018582016,229,0.0014920988,0.021926658,0.014702513,0.21796471,229,-3.8149345,23.69342,-0.012725253,0.07903275
17,4,67,948,-0.00059075304,0.014822785,-0.00059075304,0.014822785,948,0.00025339038,0.015304906,0.00025339038,0.015304906,948,5.472662e-05,0.00075102464,0.0031356046,0.043030545,948,1.615726e-05,0.00030968935,0.0009257428,0.017743893,948,0.0017140025,0.023635076,0.017061044,0.23503864,948,-0.5000159,25.918478,-0.0016678738,0.08645474
17,4,68,920,-0.00034914937,0.014367732,-0.00034914937,0.014367732,920,-0.00034792811,0.014774876,-0.00034792811,0.014774876,920,8.281158e-06,0.0007352326,0.0004744754,0.042125724,920,-4.548482e-06,0.0003116287,-0.00026060882,0.017855009,920,0.00047571538,0.022443933,0.0047071762,0.22313239,920,-0.48165268,24.683,-0.0016066203,0.08233363
17,4,69,231,-0.0015701627,0.014409172,-0.0015701627,0.014409172,231,0.0016234885,0.015397565,0.0016234885,0.015397565,231,2.4128785e-05,0.0007053103,0.0013824776,0.040411305,231,2.9672276e-05,0.0003305115,0.0017000961,0.018936915,231,-0.0003719288,0.02188083,-0.0037809096,0.21764119,231,0.17563766,24.76793,0.000585864,0.08261692
17,4,70,1,-0.012533188,,-0.012533188,,1,-0.0055122375,,-0.0055122375,,1,-0.00015211105,,-0.008715321,,1,0.00019335747,,0.011078567,,1,0.0034134686,,0.033953577,,1,49.673042,,0.16569144,
17,4,79,1,0.011996746,,0.011996746,,1,-0.009197235,,-0.009197235,,1,-0.0007586479,,-0.043467324,,1,-0.00010240078,,-0.0058671325,,1,-0.020962931,,-0.20897746,,1,-10.248962,,-0.03418686,
17,4,80,236,-0.00042596334,0.014113945,-0.00042596334,0.014113945,236,-5.29932e-05,0.01662618,-5.29932e-05,0.01662618,236,1.1229919e-05,0.000743728,0.0006434269,0.042612474,236,1.164008e-05,0.00033342457,0.00066692755,0.019103821,236,-4.9294365e-05,0.024250234,-0.00037633817,0.24096459,236,-0.17974836,23.310137,-0.00059957587,0.077754244
17,4,81,940,-4.7324007e-05,0.0149199935,-4.7324007e-05,0.0149199935,940,-0.0015484397,0.01556981,-0.0015484397,0.01556981,940,-1.1259952e-05,0.00078416057,-0.00064514775,0.04492909,940,-7.4660525e-06,0.000310871,-0.0004277733,0.017811596,940,-0.00023467735,0.023846008,-0.0023599705,0.23700394,940,-0.3761173,24.127926,-0.0012545923,0.0804821
17,4,82,957,-0.000966566,0.014850611,-0.000966566,0.014850611,957,0.00091670855,0.015218724,0.00091670855,0.015218724,957,1.2681277e-05,0.00073616934,0.00072658376,0.0421794,957,2.5090254e-05,0.0003020413,0.0014375658,0.017305693,957,0.00021086381,0.022764178,0.0021252981,0.22650646,957,2.1058419,24.823978,0.0070243324,0.08280388
17,4,83,253,0.0013079162,0.014756065,0.0013079162,0.014756065,253,0.0018395081,0.015410911,0.0018395081,0.015410911,253,-3.0580715e-05,0.00071768666,-0.001752146,0.041120417,253,1.9280807e-05,0.00030535407,0.0011047089,0.0174955,253,-0.0014774903,0.022256853,-0.014704757,0.22142836,253,-1.7408876,24.429096,-0.005806976,0.081486695
17,4,84,2,0.018600464,0.0,0.018600464,0.0,2,0.006160736,0.0,0.006160736,0.0,2,-0.00069367886,0.0006515903,-0.03974487,0.037333373,2,0.0003106594,0.0,0.017799472,0.0,2,-0.004276518,0.021358026,-0.04278118,0.21267109,2,47.59218,0.0,0.15875043,0.0
17,4,93,2,0.00653705,0.0025610533,0.00653705,0.0025610533,2,-0.0218544,0.0005071109,-0.0218544,0.0005071109,2,-0.00038778782,0.0003784787,-0.022218606,0.021685231,2,-0.00027364492,6.768784e-05,-0.0156787,0.0038782272,2,-0.009184748,0.014055416,-0.09155521,0.1400871,2,-2.6691818,15.718786,-0.008903433,0.052432228
17,4,94,214,-0.00040085058,0.014033961,-0.00040085058,0.014033961,214,-0.0006891183,0.014928402,-0.0006891183,0.014928402,214,-1.9687359e-05,0.0006561965,-0.0011280025,0.03759729,214,-2.0512354e-05,0.00030397257,-0.0011752713,0.017416345,214,3.1093205e-05,0.021604836,0.00036792143,0.21474642,214,-3.0554185,23.527369,-0.01019178,0.07847886
17,4,95,942,0.00022637912,0.014892139,0.00022637912,0.014892139,942,0.0011149457,0.014634344,0.0011149457,0.014634344,942,-7.351746e-06,0.0007709813,-0.00042122393,0.04417398,942,2.247576e-05,0.00030474362,0.0012877662,0.017460523,942,-0.00022817029,0.023569688,-0.002228847,0.23433687,942,0.3316093,25.153324,0.0011061298,0.08390246
17,4,96,967,-1.9571014e-05,0.01461302,-1.9571014e-05,0.01461302,967,-0.0006601032,0.014911542,-0.0006601032,0.014911542,967,-1.6180411e-05,0.0007494819,-0.0009270693,0.042942148,967,-3.1466568e-06,0.00032082733,-0.00018029015,0.018382052,967,-0.00019726151,0.022952145,-0.0019760616,0.2282521,967,-0.5800781,25.477585,-0.0019349322,0.08498408
17,4,97,193,-0.0004886193,0.015522091,-0.0004886193,0.015522091,193,-0.0014051168,0.015158845,-0.0014051168,0.015158845,193,8.233347e-05,0.0007343467,0.0047173607,0.042074967,193,-2.9604053e-05,0.00032229925,-0.0016961873,0.018466387,193,0.00281106,0.022786578,0.028055156,0.2262773,193,0.28930178,24.64881,0.0009650067,0.08221958
17,4,98,5,0.001362896,0.006967134,0.001362896,0.006967134,5,0.002610779,0.01768931,0.002610779,0.01768931,5,-3.7097932e-05,0.0006744878,-0.0021255552,0.038645305,5,-6.67572e-05,0.00033246807,-0.003824906,0.019049017,5,-2.0287931e-05,0.029210038,0.00046431422,0.290533,5,-4.0539093,16.588188,-0.013522387,0.055332243
17,4,107,5,-0.010378098,0.014678598,-0.010378098,0.014678598,5,-0.0013610839,0.015811536,-0.0013610839,0.015811536,5,0.0004061699,0.0007586063,0.023271821,0.04346494,5,-1.2040138e-05,0.00023811166,-0.00068984897,0.0136427935,5,0.009766862,0.024541343,0.09655881,0.24375209,5,-10.110209,4.5536704,-0.033724032,0.015189409
17,4,108,206,-0.00042841185,0.015550994,-0.00042841185,0.015550994,206,0.001177896,0.016147932,0.001177896,0.016147932,206,6.96541e-05,0.000785419,0.0039908863,0.045001198,206,1.166052e-06,0.0003064896,6.6809844e-05,0.01756056,206,0.0033173726,0.02455001,0.033100106,0.24431859,206,-1.2601235,26.514362,-0.0042033195,0.0884424
17,4,109,913,0.000113285234,0.014237604,0.000113285234,0.014237604,913,0.0003688634,0.014523901,0.0003688634,0.014523901,913,-1.149867e-05,0.00076345896,-0.00065882533,0.043742977,913,1.0478144e-05,0.0003003632,0.00060035347,0.017209545,913,-0.0005261667,0.023417883,-0.005229188,0.2328831,913,-1.366204,24.99813,-0.004557166,0.08338479
17,4,110,949,-0.00052494777,0.015417195,-0.00052494777,0.015417195,949,0.00040805936,0.015743734,0.00040805936,0.015743734,949,1.2224919e-05,0.000741913,0.00070043624,0.042508483,949,7.3990154e-06,0.00032066816,0.0004239324,0.018372932,949,0.00061465567,0.02322995,0.0061312984,0.23098548,949,1.907826,24.250786,0.0063638226,0.080891915
17,4,111,223,-3.918489e-05,0.014027765,-3.918489e-05,0.014027765,223,-0.0005283333,0.014432486,-0.0005283333,0.014432486,223,1.2888502e-05,0.00078723946,0.0007384568,0.0451055,223,-8.333424e-06,0.0002949098,-0.00047747005,0.016897088,223,0.001192261,0.024721356,0.011867987,0.24566932,223,-1.1374444,23.154516,-0.0037941062,0.077235155
17,4,112,3,-0.0006589492,0.0019507757,-0.0006589492,0.0019507757,3,-0.011246999,0.012362834,-0.011246999,0.012362834,3,-0.00049146014,0.00090835546,-0.028158592,0.05204493,3,-0.00035862127,0.00038578102,-0.020547485,0.022103624,3,-0.018409682,0.027891353,-0.18380167,0.278399,3,11.166921,9.93606,0.03724884,0.03314313
17,4,121,3,0.0105012255,0.008224248,0.0105012255,0.008224248,3,0.0092595415,0.011826202,0.0092595415,0.011826202,3,-9.83874e-05,0.00053933816,-0.0056371824,0.030901799,3,3.7590664e-05,0.00040303572,0.0021537866,0.023092246,3,-0.00059552985,0.019098457,-0.0056842417,0.18987541,3,-10.481008,41.325336,-0.034960877,0.13784648
17,4,122,212,-0.0029828576,0.0149642285,-0.0029828576,0.0149642285,212,-0.0006231327,0.018193725,-0.0006231327,0.018193725,212,0.00015596735,0.0007106463,0.008936272,0.04071703,212,-4.9674847e-05,0.00031899379,-0.0028461593,0.018276997,212,0.004048694,0.02178478,0.040153943,0.21658042,212,-0.601939,24.19069,-0.0020078525,0.08069146
17,4,123,917,-0.00026671268,0.015454814,-0.00026671268,0.015454814,917,0.0003108944,0.015430237,0.0003108944,0.015430237,917,0.0068497164,0.20743597,0.39245987,11.885206,917,7.1381273e-06,0.00030162305,0.00040898458,0.017281728,917,-0.0005026177,0.024163121,-0.0049866643,0.24039792,917,0.18148531,24.53185,0.00060536974,0.08182945
17,4,124,930,-0.000108451386,0.014428747,-0.000108451386,0.014428747,930,-0.00013237726,0.014973666,-0.00013237726,0.014973666,930,-0.0067566214,0.20600565,-0.38712588,11.803254,930,3.2223682e-06,0.0003038259,0.00018462806,0.01740794,930,-0.00013922491,0.02452608,-0.0014358191,0.24395029,930,-0.49592212,23.823711,-0.0016542182,0.07946735
17,4,125,192,0.001296252,0.015324636,0.001296252,0.015324636,192,0.00083204097,0.01619128,0.00083204097,0.01619128,192,0.06533985,0.63955736,3.7436974,36.643936,192,1.2243167e-05,0.0003258813,0.00070148165,0.018671622,192,-0.0030933488,0.021829009,-0.030859364,0.21706475,192,0.23578382,25.502974,0.00078649056,0.08506876
17,4,126,2,-0.010382891,0.020843808,-0.010382891,0.020843808,2,0.0047855377,0.008132656,0.0047855377,0.008132656,2,0.00024104118,0.0012684516,0.013810642,0.07267692,2,8.332729e-05,0.0002768205,0.0047743022,0.015860647,2,-0.0017862245,0.047369603,-0.018849522,0.47125167,2,26.703186,37.2266,0.08907224,0.12417458
17,4,135,5,0.014663419,0.010796737,0.014663419,0.010796737,5,-0.0077766418,0.008341146,-0.0077766418,0.008341146,5,-8.888244e-05,0.00054626935,-0.0050925887,0.031298928,5,-0.0003110647,0.000273317,-0.017822694,0.015659912,5,0.0022503077,0.02268516,0.02280207,0.22562104,5,-3.3434937,18.337269,-0.011152695,0.061166544
17,4,136,198,-0.0003418064,0.014973213,-0.0003418064,0.014973213,198,0.0025106475,0.015847012,0.0025106475,0.015847012,198,-2.820564e-05,0.0007572727,-0.0016160642,0.04338853,198,6.1779916e-05,0.00033177467,0.0035397285,0.019009288,198,-0.00012461931,0.022469968,-0.0012895095,0.22337598,198,-1.008742,25.092285,-0.0033648014,0.08369886
17,4,137,935,0.00085966894,0.014856049,0.00085966894,0.014856049,935,0.00033422344,0.015198541,0.00033422344,0.015198541,935,-3.111171e-05,0.00074842595,-0.0017825699,0.04288165,935,1.8639999e-07,0.00030753907,1.0679926e-05,0.01762069,935,-0.0011311115,0.023358524,-0.0112467045,0.23233311,935,0.31930912,25.033016,0.0010651007,0.08350115
17,4,138,955,-0.0012027166,0.014841538,-0.0012027166,0.014841538,955,0.0013423582,0.01581139,0.0013423582,0.01581139,955,6.0811715e-05,0.00079339975,0.003484255,0.04545846,955,3.6005324e-05,0.00031506928,0.0020629533,0.018052138,955,0.0015541654,0.02483233,0.015517731,0.24686785,955,1.0206863,25.093044,0.003404643,0.083701394
17,4,139,230,-0.00063221547,0.015173399,-0.00063221547,0.015173399,230,-0.00044576603,0.016396126,-0.00044576603,0.016396126,230,6.385679e-05,0.00076240953,0.0036587247,0.043682847,230,1.32534815e-05,0.00032191924,0.0007593686,0.018444614,230,0.0019296028,0.024018195,0.019197773,0.23886809,230,-0.526107,24.50728,-0.0017549042,0.08174749
17,4,140,2,-0.0015903711,0.0050729634,-0.0015903711,0.0050729634,2,0.0015964508,0.01677512,0.0015964508,0.01677512,2,9.918213e-05,0.001620462,0.005682718,0.09284563,2,-3.4034252e-05,0.00032242338,-0.001950019,0.0184735,2,0.008290799,0.05410348,0.083825946,0.538798,2,-36.74186,3.60261,-0.122557655,0.01201701
17,4,149,5,-0.0116726635,0.011255339,-0.0116726635,0.011255339,5,-0.010345459,0.018448917,-0.010345459,0.018448917,5,0.00050840375,0.00073219964,0.029129392,0.04195195,5,-0.00021288396,0.00034812422,-0.012197351,0.019946048,5,0.013914397,0.026566368,0.13871531,0.2650237,5,4.7005796,7.5134068,0.015679447,0.025062028
17,4,150,196,-0.0009609756,0.014389067,-0.0009609756,0.014389067,196,-0.0004323373,0.015900757,-0.0004323373,0.015900757,196,6.594707e-05,0.0008087112,0.0037784886,0.04633574,196,2.3562689e-05,0.00032679766,0.0013500426,0.018724127,196,0.0020522226,0.025081944,0.020415608,0.24932472,196,-2.9714582,21.627039,-0.009911718,0.07214004
17,4,151,955,0.00051794655,0.015111364,0.00051794655,0.015111364,955,0.00058957783,0.015386118,0.00058957783,0.015386118,955,-4.5627574e-05,0.00075193687,-0.0026142674,0.043082807,955,1.5787055e-05,0.00030831582,0.0009045316,0.017665196,955,-0.00094944186,0.023418752,-0.009513671,0.23294392,955,-0.13633372,23.753231,-0.00045476048,0.07923225
17,4,152,935,0.00053188496,0.015242481,0.00053188496,0.015242481,935,0.00010087887,0.015553685,0.00010087887,0.015553685,935,-1.3444768e-05,0.00079629855,-0.00077032845,0.045624547,935,-3.4958284e-06,0.0003190394,-0.00020029618,0.01827961,935,-0.0002773986,0.025265755,-0.0026836207,0.25121462,935,-0.04207317,25.215298,-0.00014034113,0.08410918
17,4,153,241,0.000885878,0.014466513,0.000885878,0.014466513,241,-0.002365282,0.015942926,-0.002365282,0.015942926,241,-5.6251945e-05,0.0007334762,-0.003222999,0.04202509,241,-5.9677357e-05,0.00030774734,-0.0034192607,0.017632624,241,-0.0017607675,0.023074877,-0.017551282,0.22939819,241,-1.8764256,24.459764,-0.0062590824,0.081589
17,4,154,3,0.0022518039,0.024539433,0.0022518039,0.024539433,3,-0.007929484,0.0037334298,-0.007929484,0.0037334298,3,-0.00091171265,0.0010871709,-0.052237287,0.062290307,3,-0.00014007092,0.00015393547,-0.008025472,0.008819853,3,-0.037252355,0.02627171,-0.3713199,0.26345184,3,9.474523,18.693659,0.03160361,0.062355336
17,4,163,2,-0.004345417,0.0,-0.004345417,0.0,2,-0.030326843,0.0,-0.030326843,0.0,2,1.4543533e-05,0.0002953651,0.0008332827,0.016923174,2,-0.0008006096,0.0,-0.045871552,0.0,2,0.0036224835,0.009679008,0.03610145,0.09637477,2,47.05716,0.0,0.15696579,0.0
17,4,164,199,-0.0015999817,0.014298932,-0.0015999817,0.014298932,199,0.001973898,0.016013317,0.001973898,0.016013317,199,7.398524e-05,0.00075691333,0.004239042,0.04336794,199,5.036083e-05,0.00029710244,0.0028854632,0.017022716,199,0.0018155964,0.023147231,0.018076703,0.23039044,199,-2.050839,24.218681,-0.006840863,0.08078483
17,4,165,963,0.00070435775,0.0146612525,0.00070435775,0.0146612525,963,0.000695398,0.015016983,0.000695398,0.015016983,963,-4.2620726e-05,0.000772256,-0.0024419876,0.04424701,963,7.091405e-06,0.0003056478,0.0004063076,0.017512329,963,-0.0009802951,0.023527604,-0.009740613,0.23396215,963,1.554993,24.422953,0.0051868986,0.081466205
17,4,166,953,0.00019233003,0.014972629,0.00019233003,0.014972629,953,-0.0003888615,0.015455332,-0.0003888615,0.015455332,953,-5.1181187e-06,0.0007750229,-0.0002932466,0.044405542,953,-2.149595e-05,0.00031109405,-0.0012316271,0.017824376,953,-0.00020561319,0.024172256,-0.002018695,0.2403593,953,0.32653496,24.093218,0.0010892035,0.08036633
17,4,167,237,-0.0010595175,0.013879134,-0.0010595175,0.013879134,237,0.0008025996,0.0152243525,0.0008025996,0.0152243525,237,3.242392e-05,0.00073389645,0.0018577538,0.04204917,237,-8.562949e-06,0.00031904812,-0.00049062085,0.01828011,237,0.0012294439,0.022915814,0.012151698,0.2277043,237,0.8426515,24.847174,0.0028107828,0.08288125
17,4,168,3,0.0067507424,0.028759206,0.0067507424,0.028759206,3,0.0051587424,0.01334553,0.0051587424,0.01334553,3,-0.0007236004,0.0015470572,-0.041459247,0.08863985,3,2.682209e-05,0.00027495122,0.0015367934,0.015753545,3,-0.025863446,0.043632668,-0.25853655,0.43621734,3,3.1465836,40.439945,0.010495871,0.13489315
17,4,177,2,-0.0033817291,0.010431513,-0.0033817291,0.010431513,2,-0.01581192,0.0035821449,-0.01581192,0.0035821449,2,0.000577569,0.0009427407,0.033092268,0.054015066,2,-0.00052434206,0.00020896408,-0.030042587,0.011972758,2,0.016544785,0.021939905,0.1640419,0.21748465,2,-8.12883,23.973505,-0.02711486,0.07996701
17,4,178,207,0.0006522524,0.016700588,0.0006522524,0.016700588,207,0.001009003,0.014950523,0.001009003,0.014950523,207,-4.9010425e-05,0.0008083251,-0.0028080903,0.046313617,207,7.872421e-06,0.00030959604,0.00045105652,0.017738547,207,-0.0013728245,0.024180626,-0.013659578,0.24026537,207,0.2984929,25.839113,0.0009956652,0.08619001
17,4,179,919,-0.00028746345,0.014655371,-0.00028746345,0.014655371,919,-0.0002489172,0.01568696,-0.0002489172,0.01568696,919,2.639328e-05,0.0007506975,0.0015122236,0.0430118,919,-3.8364897e-06,0.00030013235,-0.00021981465,0.017196316,919,0.0005122985,0.023753885,0.005076525,0.2361643,919,-0.46119472,25.248436,-0.00153838,0.08421972
17,4,180,973,-0.00089566177,0.0143614365,-0.00089566177,0.0143614365,973,-0.0003022106,0.015179864,-0.0003022106,0.015179864,973,5.511638e-05,0.0007308581,0.003157936,0.041875087,973,-9.325156e-06,0.00030411934,-0.0005342921,0.017424755,973,0.0011617211,0.022418577,0.011547074,0.22297068,973,0.1716657,25.329151,0.0005726151,0.08448896
17,4,181,220,0.0012802707,0.014145718,0.0012802707,0.014145718,220,0.0013407964,0.013752084,0.0013407964,0.013752084,220,-7.2600764e-05,0.000750795,-0.0041597174,0.043017387,220,1.6218424e-05,0.00029679068,0.00092924724,0.017004853,220,-0.002321098,0.02365148,-0.023144573,0.23534065,220,0.12719727,26.057396,0.00042428428,0.08691812
17,4,182,1,-0.0038337708,,-0.0038337708,,1,0.02674675,,0.02674675,,1,-0.00019481778,,-0.011162236,,1,0.0004017353,,0.023017738,,1,-0.0032134578,,-0.03196474,,1,23.405329,,0.07807177,
17,4,191,1,-0.020924568,,-0.020924568,,1,0.0061187744,,0.0061187744,,1,0.00095295906,,0.054600533,,1,0.00015330315,,0.008783624,,1,0.01966416,,0.19524844,,1,-1.1057129,,-0.0036882614,
17,4,192,237,5.494596e-05,0.014087267,5.494596e-05,0.014087267,237,-0.0011407394,0.014342151,-0.0011407394,0.014342151,237,2.116996e-05,0.0007315429,0.0012129494,0.04191432,237,-1.0956692e-05,0.00028144554,-0.0006277721,0.016125642,237,0.0003444126,0.023169473,0.0033760732,0.23034684,237,3.6225452,22.325125,0.012083511,0.074468605
17,4,193,928,-0.00011810415,0.014754497,-0.00011810415,0.014754497,928,0.0005035499,0.0153138945,0.0005035499,0.0153138945,928,-3.2353505e-06,0.0007570198,-0.00018537189,0.04337404,928,3.8433436e-06,0.00030953973,0.00022020735,0.017735321,928,-4.595177e-05,0.023154316,-0.00041556274,0.23020218,928,-0.8714813,24.79174,-0.0029069486,0.08269634
17,4,194,919,-9.49116e-06,0.0152577935,-9.49116e-06,0.0152577935,919,-8.2057195e-05,0.015030186,-8.2057195e-05,0.015030186,919,-1.5650014e-05,0.000807278,-0.00089667976,0.04625362,919,-1.38649875e-05,0.0003142073,-0.00079440523,0.018002754,919,-0.0005538968,0.025207099,-0.00549197,0.2506773,919,0.6464125,24.627901,0.0021562,0.08214984
17,4,195,221,8.88774e-05,0.015086949,8.88774e-05,0.015086949,221,-0.0013104015,0.013840422,-0.0013104015,0.013840422,221,-3.9550512e-05,0.00075928034,-0.0022660773,0.04350356,221,-3.3099186e-05,0.00028707704,-0.0018964438,0.016448302,221,-0.0012817763,0.023296783,-0.012713756,0.23165973,221,1.6808716,24.383295,0.005606784,0.08133392
17,4,205,6,0.0033106108,0.009141358,0.0033106108,0.009141358,6,0.008443832,0.012985601,0.008443832,0.012985601,6,-0.00024298827,0.00047504238,-0.013922202,0.027217925,6,0.00028955936,0.00023781726,0.01659053,0.013625925,6,-0.00974692,0.019591471,-0.09700682,0.19501898,6,18.521456,15.249761,0.061780926,0.05086773
17,4,206,190,0.0013580271,0.01407674,0.0013580271,0.01407674,190,-0.00021539362,0.015911724,-0.00021539362,0.015911724,190,-3.521819e-05,0.0007994032,-0.0020178535,0.04580243,190,-1.7385734e-06,0.00032189352,-9.961289e-05,0.018443141,190,-0.00073405926,0.024877533,-0.0073917634,0.24746288,190,1.0949707,21.867327,0.0036524292,0.07294155
17,4,207,965,-0.00066302245,0.0152586475,-0.00066302245,0.0152586475,965,-0.0015335673,0.014826375,-0.0015335673,0.014826375,965,2.6945006e-06,0.0007877513,0.0001543835,0.045134824,965,-2.384124e-05,0.00029308052,-0.0013660025,0.016792277,965,-0.0004769784,0.02450796,-0.004781508,0.24369612,965,0.43787158,25.983511,0.0014605826,0.086671665
17,4,208,908,0.0005550718,0.015034841,0.0005550718,0.015034841,908,-0.0004236958,0.015119538,-0.0004236958,0.015119538,908,2.7056045e-05,0.00077312026,0.0015501973,0.04429653,908,2.3923255e-06,0.00032248147,0.00013707018,0.018476827,908,0.0010246508,0.02464735,0.010228996,0.24504694,908,0.5683889,24.852753,0.0018959413,0.08289986
17,4,209,218,-0.0011683136,0.015340061,-0.0011683136,0.015340061,218,-0.0008825375,0.013885402,-0.0008825375,0.013885402,218,1.4976624e-05,0.0008098393,0.00085809745,0.046400376,218,-2.07796e-08,0.00030586167,-1.1905805e-06,0.017524583,218,-0.0003180324,0.024012914,-0.0031434451,0.23894656,218,-5.1945868,23.464176,-0.017327279,0.07826807
17,4,210,2,0.0040495396,0.0074913492,0.0040495396,0.0074913492,2,0.010871887,0.0044722864,0.010871887,0.0044722864,2,0.00032055378,0.0005784233,0.01836638,0.033141218,2,0.00031775236,0.00030016986,0.01820587,0.017198466,2,0.013837241,0.013525261,0.13791528,0.1349321,2,-0.114852905,13.544781,-0.00038310885,0.045180526
17,4,219,1,-0.007786751,,-0.007786751,,1,-0.00064086914,,-0.00064086914,,1,0.00036215782,,0.020750115,,1,0.00016069412,,0.009207095,,1,0.021779396,,0.21713053,,1,17.04303,,0.05684943,
17,4,220,198,0.00038377295,0.014091613,0.00038377295,0.014091613,198,0.00038450534,0.01534604,0.00038450534,0.01534604,198,5.944269e-05,0.00073317334,0.0034058155,0.04200774,198,1.6891596e-05,0.0003394588,0.00096781715,0.019449558,198,0.0014928116,0.022907047,0.0149059715,0.22772339,198,-0.9727452,25.238544,-0.0032447285,0.084186725
17,4,221,966,0.0002261128,0.014610341,0.0002261128,0.014610341,966,3.6555896e-06,0.014651517,3.6555896e-06,0.014651517,966,-8.8712195e-06,0.00075525854,-0.00050828344,0.043273125,966,-9.847724e-07,0.0002966054,-5.642331e-05,0.016994238,966,-0.00015991171,0.023360549,-0.0016192155,0.2324063,966,-0.78450936,25.193888,-0.0026168416,0.084037766
17,4,222,919,-0.0018164631,0.01439469,-0.0018164631,0.01439469,919,-0.00039194056,0.0149736665,-0.00039194056,0.0149736665,919,8.356117e-05,0.0007789163,0.0047877026,0.044628616,919,-8.100135e-06,0.0002970086,-0.0004641036,0.017017338,919,0.0020959273,0.024385458,0.020773968,0.24240424,919,0.7235008,24.51161,0.002413339,0.081761934
17,4,223,219,0.00031443065,0.015283648,0.00031443065,0.015283648,219,0.00029183755,0.016051427,0.00029183755,0.016051427,219,-6.8932364e-05,0.00078851846,-0.003949533,0.04517878,219,2.0459907e-05,0.0003272408,0.0011722663,0.018749516,219,-0.0019017721,0.024418958,-0.018926362,0.24259603,219,3.4455988,23.524536,0.011493281,0.0784694
17,4,224,2,-0.00012767315,0.013771736,-0.00012767315,0.013771736,2,-0.020719528,0.023966383,-0.020719528,0.023966383,2,-0.00051403046,0.00071868807,-0.029451776,0.041177794,2,-0.0001423955,0.00026392358,-0.008158661,0.015121707,2,-0.021346495,0.028874416,-0.211374,0.28585356,2,14.400833,40.759438,0.04803601,0.13595885
17,4,233,2,0.009008408,0.008642464,0.009008408,0.008642464,2,0.001698494,0.00055161794,0.001698494,0.00055161794,2,4.0769577e-05,0.00055971014,0.0023359247,0.032069027,2,-1.31726265e-05,0.00027724198,-0.0007547359,0.015884794,2,0.010940805,0.0069007454,0.10874982,0.068452395,2,-26.838715,27.689398,-0.089524314,0.09236189
17,4,234,200,0.00068519474,0.016683191,0.00068519474,0.016683191,200,-0.0018720595,0.017134434,-0.0018720595,0.017134434,200,-1.1593699e-05,0.0008526101,-0.0006642699,0.04885096,200,-3.8244725e-05,0.0003317094,-0.0021912614,0.019005548,200,-0.00065396563,0.025588116,-0.0064999177,0.25402048,200,-0.1652913,23.088406,-0.00055135257,0.07701463
17,4,235,898,-0.00059642567,0.014575003,-0.00059642567,0.014575003,898,0.0005466583,0.014614442,0.0005466583,0.014614442,898,-1.9517667e-05,0.00075687177,-0.0011182799,0.043365557,898,1.7385706e-05,0.00029936642,0.0009961276,0.017152432,898,-0.00084928336,0.023580499,-0.008461578,0.23445143,898,-0.86181104,24.575056,-0.0028746922,0.08197357
17,4,236,917,-0.00011562968,0.015193122,-0.00011562968,0.015193122,917,0.0006645034,0.014849378,0.0006645034,0.014849378,917,2.003782e-05,0.0007741439,0.0011480825,0.044355176,917,6.2666127e-06,0.00030865875,0.00035905046,0.017684843,917,0.00041023816,0.024034906,0.004077501,0.23899649,917,-0.24701948,24.76813,-0.0008239684,0.08261759
17,4,237,213,-0.00072251324,0.014211043,-0.00072251324,0.014211043,213,0.0008303374,0.014730999,0.0008303374,0.014730999,213,-5.86672e-05,0.00074397237,-0.003361383,0.042626478,213,2.3368939e-05,0.00029455413,0.0013389415,0.016876709,213,-0.0013626758,0.022868412,-0.013710839,0.22734343,213,-1.4374902,26.54178,-0.0047949515,0.088533856
17,4,238,5,0.010964203,0.01867597,0.010964203,0.01867597,5,-0.00068893435,0.017855419,-0.00068893435,0.017855419,5,-0.00022315979,0.001430123,-0.012786115,0.08194002,5,0.00024085045,0.00033202933,0.013799714,0.01902388,5,-0.0028074174,0.046736307,-0.025818909,0.46198088,5,-1.3968918,18.935808,-0.004659529,0.06316306
17,4,247,4,-0.0062236786,0.022114463,-0.0062236786,0.022114463,4,0.001241684,0.0053012166,0.001241684,0.0053012166,4,-6.937981e-05,0.0009689249,-0.0039751697,0.055515308,4,-1.41859055e-05,6.139236e-05,-0.00081279245,0.0035175232,4,-0.0029759668,0.027645066,-0.029026669,0.2749216,4,-35.255375,22.833849,-0.11759928,0.07616552
17,4,248,231,4.3367283e-05,0.016494468,4.3367283e-05,0.016494468,231,-4.684377e-05,0.01454144,-4.684377e-05,0.01454144,231,1.8275145e-05,0.00080065546,0.0010470888,0.04587418,231,1.5279431e-05,0.0003205979,0.00087544695,0.018368907,231,0.0006290686,0.024395395,0.0062185386,0.24250329,231,0.3586344,24.429241,0.0011962758,0.08148718
17,4,249,984,-0.00016356268,0.015109019,-0.00016356268,0.015109019,984,-0.00011608904,0.01508123,-0.00011608904,0.01508123,984,-2.0748474e-05,0.00078049704,-0.0011888,0.044719186,984,5.462063e-06,0.00029815812,0.0003129532,0.017083202,984,-0.0006754761,0.02366074,-0.006711808,0.23536116,984,-0.36735022,24.757885,-0.0012253487,0.08258341
17,4,250,930,0.0006485974,0.014287792,0.0006485974,0.014287792,930,0.001264638,0.015330353,0.001264638,0.015330353,930,-1.7544402e-05,0.00076366705,-0.0010052202,0.043754898,930,2.0293523e-05,0.00031430143,0.0011627332,0.018008146,930,-0.00071156066,0.023951588,-0.0070199193,0.23807748,930,-0.5824016,24.994772,-0.0019426827,0.083373584
17,4,251,203,0.0006244455,0.014790308,0.0006244455,0.014790308,203,-0.00046570547,0.015124143,-0.00046570547,0.015124143,203,-2.2693808e-05,0.00076412834,-0.0013002595,0.04378133,203,-2.1359016e-05,0.00029574023,-0.0012237814,0.016944667,203,-0.00067427417,0.023359297,-0.0066548516,0.23237507,203,1.388152,23.39952,0.004630377,0.0780524
17,4,252,2,0.002421856,0.0035949575,0.002421856,0.0035949575,2,-0.00018692017,0.0044938657,-0.00018692017,0.0044938657,2,0.00020033121,0.00096339267,0.011478133,0.055198334,2,0.0004350543,0.00020828973,0.024926774,0.011934121,2,0.0059092715,0.034748748,0.05937583,0.34604892,2,-13.612839,21.45927,-0.045407545,0.071580425
17,4,261,4,0.00075377524,0.020141976,0.00075377524,0.020141976,4,0.023941994,0.01343149,0.023941994,0.01343149,4,-1.9907951e-05,0.0013521088,-0.001140641,0.077470124,4,0.0003553629,0.00024625892,0.020360794,0.014109597,4,1.7359853e-06,0.034420155,0.00075271726,0.34325582,4,28.482533,10.433324,0.09500751,0.034801822
17,4,262,244,-0.00047855303,0.014563677,-0.00047855303,0.014563677,244,-0.0013738371,0.014726278,-0.0013738371,0.014726278,244,-9.917333e-06,0.00072057697,-0.0005682213,0.041286018,244,-2.9060197e-05,0.0002990304,-0.0016650265,0.017133178,244,-0.0002720593,0.023741055,-0.0027582946,0.235851,244,-1.9924701,22.834711,-0.0066461656,0.0761684
17,4,263,1002,-0.00046688368,0.014803447,-0.00046688368,0.014803447,1002,0.0003721603,0.01552492,0.0003721603,0.01552492,1002,5.7442935e-06,0.0007466185,0.0003291238,0.04277809,1002,5.7103866e-06,0.00031222048,0.00032718098,0.017888917,1002,-8.2671766e-05,0.023341814,-0.00076988107,0.2320511,1002,0.80286694,24.162561,0.002678076,0.08059763
17,4,264,963,-6.4007465e-05,0.015273418,-6.4007465e-05,0.015273418,963,-0.00032460134,0.015026347,-0.00032460134,0.015026347,963,9.039976e-06,0.0007853436,0.00051795243,0.044996873,963,-2.8014554e-05,0.000309567,-0.0016051157,0.017736884,963,0.00037617338,0.02453672,0.0036536471,0.24404207,963,1.0541118,24.903614,0.0035161388,0.08306952
17,4,265,208,-0.0002823615,0.016922496,-0.0002823615,0.016922496,208,0.0007760671,0.015953774,0.0007760671,0.015953774,208,-2.4048755e-05,0.00078921823,-0.0013778922,0.045218874,208,1.1273302e-06,0.00030461073,6.459134e-05,0.017452909,208,-0.00031426505,0.024428623,-0.0031112765,0.24278113,208,1.8745643,24.009665,0.006252873,0.080087624
17,4,275,5,-0.007987982,0.009323162,-0.007987982,0.009323162,5,0.007801056,0.017543029,0.007801056,0.017543029,5,0.000107312204,0.0002965102,0.0061485367,0.016988784,5,0.00018262863,0.0004294218,0.010463849,0.024604058,5,-0.0015895918,0.00795936,-0.015851757,0.07918194,5,-1.8471038,26.200544,-0.006161275,0.08739561
17,4,276,242,-0.0002986306,0.014807372,-0.0002986306,0.014807372,242,0.00065345987,0.01599252,0.00065345987,0.01599252,242,3.351899e-05,0.00076720887,0.0019204969,0.04395783,242,-8.547109e-06,0.00032366812,-0.0004897132,0.018544817,242,5.146981e-05,0.023780564,0.00053041073,0.2364922,242,-3.069043,22.99292,-0.010237226,0.07669613
17,4,277,985,-0.00020114364,0.014687955,-0.00020114364,0.014687955,985,-0.0006164232,0.015343033,-0.0006164232,0.015343033,985,-2.4405106e-05,0.0007211705,-0.0013983096,0.041320026,985,-1.3985367e-05,0.0003145625,-0.0008013025,0.018023103,985,-0.0009275967,0.021932669,-0.009239826,0.21812558,985,-0.06973215,26.393282,-0.00023260148,0.08803851
17,4,278,989,-0.000987328,0.0142258955,-0.000987328,0.0142258955,989,-0.00034082824,0.0149689745,-0.00034082824,0.0149689745,989,4.6325404e-05,0.00075606565,0.0026542502,0.04331937,989,-2.0346217e-05,0.00030155343,-0.0011657523,0.01727774,989,0.0015105446,0.023772301,0.014955802,0.23627286,989,1.780282,25.174889,0.005938382,0.08397439
17,4,279,228,0.0009822582,0.016265675,0.0009822582,0.016265675,228,0.00096197193,0.014689737,0.00096197193,0.014689737,228,-4.483106e-05,0.00076389743,-0.0025686303,0.0437681,228,1.8095761e-06,0.00031054736,0.00010368112,0.017793054,228,-0.00042774476,0.023942221,-0.004237777,0.23775703,228,3.4759643,23.804556,0.011594568,0.07940345
17,4,280,2,-0.0032010823,0.0019840419,-0.0032010823,0.0019840419,2,-0.0063524246,0.011120024,-0.0063524246,0.011120024,2,-0.00047248602,0.00020441221,-0.027071455,0.011711959,2,3.6537647e-05,9.752781e-05,0.002093453,0.0055879317,2,-0.013262022,0.014088611,-0.13166106,0.13977669,2,11.541222,56.997505,0.038497373,0.19012322
17,4,289,7,0.002691286,0.014492031,0.002691286,0.014492031,7,-0.009028571,0.011919913,-0.009028571,0.011919913,7,-0.00032884735,0.0010215322,-0.018841565,0.058529485,7,-0.00019826207,0.0001954303,-0.011359581,0.011197331,7,-0.010387108,0.030930666,-0.10274965,0.30768597,7,11.491738,21.745012,0.038332313,0.072533555
17,4,290,208,0.00075908523,0.015017427,0.00075908523,0.015017427,208,-0.0026569006,0.015563644,-0.0026569006,0.015563644,208,-3.2476506e-05,0.0007687958,-0.001860767,0.044048756,208,-4.471208e-05,0.00029407587,-0.0025618137,0.016849307,208,-6.7091044e-08,0.023280598,-7.5685544e-05,0.23142174,208,-2.8254852,22.57276,-0.009424805,0.07529463
17,4,291,847,0.00014886203,0.014630505,0.00014886203,0.014630505,847,0.0004073501,0.015466286,0.0004073501,0.015466286,847,-1.7772389e-05,0.0007721168,-0.0010182827,0.044239037,847,9.170249e-06,0.00030251202,0.0005254166,0.017332662,847,2.4061677e-05,0.024273494,0.00026403388,0.24135366,847,-0.41488603,25.36695,-0.001383911,0.08461504
17,4,292,1028,-0.00026015966,0.014676414,-0.00026015966,0.014676414,1028,0.00063435634,0.015982745,0.00063435634,0.015982745,1028,-6.2341355e-06,0.0007616152,-0.00035718965,0.04363734,1028,6.737296e-06,0.0003255318,0.00038601866,0.018651597,1028,1.7350945e-05,0.023739735,0.00017920665,0.23611449,1028,-0.11578109,24.441063,-0.00038620396,0.08152661
17,4,293,209,0.0006148651,0.01450077,0.0006148651,0.01450077,209,0.00043013165,0.01471892,0.00043013165,0.01471892,209,-5.823003e-05,0.0007940032,-0.0033363348,0.045493033,209,-2.426622e-05,0.00028635561,-0.0013903519,0.016406968,209,-0.0012049491,0.023544023,-0.011906076,0.23404811,209,-1.1945909,22.93511,-0.003984726,0.07650329
17,4,294,2,0.0064816475,0.020931136,0.0064816475,0.020931136,2,0.017122269,0.0034661568,0.017122269,0.0034661568,2,-1.7106533e-05,0.0007690114,-0.0009801332,0.04406111,2,0.00034451485,0.00014279352,0.019739248,0.008181466,2,0.011782244,0.019645995,0.11751942,0.19588946,2,5.598976,3.0700817,0.018676175,0.010240691
17,4,303,1,-0.0067796707,,-0.0067796707,,1,0.012916565,,0.012916565,,1,0.0019219518,,0.11011972,,1,0.00020039082,,0.011481548,,1,0.05639786,,0.5634429,,1,-28.067474,,-0.09362302,
17,4,304,234,0.00067574513,0.014539916,0.00067574513,0.014539916,234,0.0006198854,0.015207592,0.0006198854,0.015207592,234,-2.4338055e-05,0.0007775224,-0.0013944678,0.04454875,234,-3.04702e-05,0.00027490422,-0.0017458139,0.015750851,234,0.00071278267,0.02490155,0.007205254,0.24766643,234,2.771512,24.556705,0.009244769,0.08191235
17,4,305,985,0.0014004392,0.014534623,0.0014004392,0.014534623,985,0.00032424572,0.015174031,0.00032424572,0.015174031,985,-7.4103584e-05,0.00074134924,-0.0042458223,0.04247618,985,1.2603508e-05,0.0003151488,0.0007221278,0.018056696,985,-0.0018950427,0.023105092,-0.018832909,0.2296921,985,1.1290861,24.753033,0.0037662263,0.08256723
17,4,306,980,-0.0006131968,0.015215016,-0.0006131968,0.015215016,980,5.4155564e-05,0.01548919,5.4155564e-05,0.01548919,980,3.8383565e-05,0.000750474,0.0021992163,0.042998992,980,7.913064e-06,0.00031447792,0.00045338518,0.018018257,980,0.0012629076,0.023287473,0.012585248,0.23159432,980,-0.4425945,25.2693,-0.0014763366,0.08428932
17,4,307,233,-0.0022659139,0.014841741,-0.0022659139,0.014841741,233,0.0015411571,0.014512539,0.0015411571,0.014512539,233,8.023911e-05,0.0007546637,0.0045973626,0.043239046,233,3.3155018e-05,0.00032418602,0.0018996428,0.018574491,233,0.0025397015,0.023530042,0.025192808,0.23396412,233,-2.5244408,24.837374,-0.008420628,0.082848564
17,4,308,1,0.03131628,,0.03131628,,1,0.0013122559,,0.0013122559,,1,-0.00088346004,,-0.050618533,,1,0.0002707243,,0.01551136,,1,-0.009517655,,-0.09478921,,1,5.5359497,,0.018465942,
17,4,318,224,-0.00040680097,0.016020373,-0.00040680097,0.016020373,224,-0.00013802519,0.016052896,-0.00013802519,0.016052896,224,5.7702084e-07,0.0007629637,3.3060915e-05,0.0437146,224,-2.4979136e-05,0.0003025041,-0.001431199,0.01733221,224,0.0006353672,0.023987211,0.006280732,0.2385617,224,1.0002152,23.179232,0.0033363586,0.077317595
17,4,319,958,-5.5114542e-05,0.0149144335,-5.5114542e-05,0.0149144335,958,0.00019094073,0.015223448,0.00019094073,0.015223448,958,-4.9619248e-05,0.00074497086,-0.0028429735,0.042683687,958,5.9790054e-06,0.00029934826,0.0003425718,0.017151391,958,-0.0017986272,0.02331148,-0.017887268,0.23188418,958,0.06324512,23.920477,0.00021096301,0.07979012
17,4,320,908,-0.00017270686,0.014500144,-0.00017270686,0.014500144,908,-0.00016774003,0.0148536395,-0.00016774003,0.0148536395,908,2.5561958e-05,0.00074040366,0.0014645922,0.042422004,908,4.307289e-06,0.00031462222,0.0002467895,0.018026525,908,0.0009851418,0.023256278,0.009795474,0.23125012,908,-1.508262,24.090979,-0.005031021,0.080358855
17,4,321,213,0.0018892376,0.013541443,0.0018892376,0.013541443,213,-0.0023585553,0.015698656,-0.0023585553,0.015698656,213,-0.00012738086,0.0007642758,-0.0072983857,0.043789778,213,-5.018879e-05,0.00031383784,-0.0028756058,0.017981583,213,-0.0031824582,0.023817195,-0.031562824,0.2366117,213,2.001518,26.194462,0.006676346,0.08737533
17,4,322,1,-0.019934654,,-0.019934654,,1,-0.019702911,,-0.019702911,,1,0.0012924075,,0.074049495,,1,-0.0004968643,,-0.028468229,,1,0.028749749,,0.2867704,,1,-21.913177,,-0.073094495,
17,4,331,2,-0.0012426376,0.0030750341,-0.0012426376,0.0030750341,2,0.017436981,0.0026110816,0.017436981,0.0026110816,2,0.00018624961,0.0005989278,0.010671316,0.034316033,2,0.00026375055,0.00022717152,0.015111795,0.01301597,2,0.0029761903,0.020402504,0.029520616,0.2026872,2,-12.152107,8.99916,-0.04053507,0.030017968
17,4,332,192,-0.0009831801,0.014697319,-0.0009831801,0.014697319,192,-0.001736273,0.014139096,-0.001736273,0.014139096,192,-1.0668921e-05,0.0007425079,-0.0006112841,0.04254257,192,-5.751848e-06,0.00030235367,-0.00032955667,0.017323589,192,-0.0006053346,0.022613486,-0.0060090157,0.22489078,192,-2.5480163,27.27376,-0.0084992675,0.09097548
17,4,333,963,8.377167e-05,0.014932332,8.377167e-05,0.014932332,963,-0.00092666235,0.015036783,-0.00092666235,0.015036783,963,1.2910162e-05,0.00075414276,0.0007396977,0.043209195,963,-1.0380121e-05,0.0003111565,-0.0005947371,0.017827954,963,0.00065468554,0.022879515,0.0065413513,0.22746998,963,-1.1433663,24.395943,-0.0038138595,0.081376106
17,4,334,918,-0.0004488039,0.015021475,-0.0004488039,0.015021475,918,0.0009061051,0.015752913,0.0009061051,0.015752913,918,3.4204495e-05,0.0008060881,0.0019597732,0.046185445,918,6.4014607e-06,0.0003184622,0.0003667767,0.01824654,918,0.00044970796,0.025015745,0.004497008,0.24866466,918,1.3528167,25.068865,0.004512511,0.083620735
17,4,335,190,0.000726516,0.015731517,0.000726516,0.015731517,190,-0.0005485604,0.014848426,-0.0005485604,0.014848426,190,-3.9680537e-05,0.00077137235,-0.0022735274,0.04419638,190,-1.7064496e-05,0.00030174022,-0.0009777236,0.01728844,190,-0.0017328385,0.02319834,-0.017394003,0.23035736,190,1.5890039,24.975262,0.0053003463,0.08330851
17,4,336,5,0.002025318,0.0044887355,0.002025318,0.0044887355,5,-0.013753509,0.018190984,-0.013753509,0.018190984,5,0.00021612644,0.0006092899,0.012383132,0.03490974,5,-9.5772746e-05,0.00019958486,-0.005487374,0.01143537,5,0.0045633293,0.02543218,0.045619886,0.25370744,5,-2.2182832,15.348126,-0.0073993965,0.05119584
17,4,345,2,0.0013898611,0.0,0.0013898611,0.0,2,0.00046539307,0.0,0.00046539307,0.0,2,0.00017210841,6.1028637e-05,0.009861086,0.003496683,2,0.00034105778,0.0,0.01954117,0.0,2,0.006834496,0.0019950052,0.06805197,0.019876536,2,26.039307,0.0,0.08685778,0.0
17,4,346,230,2.4368646e-05,0.014145063,2.4368646e-05,0.014145063,230,0.00041423226,0.01528936,0.00041423226,0.01528936,230,3.3175816e-05,0.0007530417,0.0019008343,0.043146115,230,-6.1895535e-06,0.00030201298,-0.00035463533,0.017304068,230,0.0011752166,0.023541387,0.011588233,0.23412776,230,0.55134887,23.440548,0.0018391018,0.078189254
17,4,347,946,0.00020585273,0.015718626,0.00020585273,0.015718626,946,0.00071869494,0.015658313,0.00071869494,0.015658313,946,-8.797261e-06,0.0007672375,-0.000504046,0.043959472,946,1.0839351e-05,0.00031307375,0.000621049,0.017937804,946,0.0001366467,0.02359819,0.0013451603,0.23474239,946,-0.0038634092,23.937206,-1.2886984e-05,0.07984593
17,4,348,952,-0.00033645405,0.014132379,-0.00033645405,0.014132379,952,0.0010110972,0.015496447,0.0010110972,0.015496447,952,4.3285494e-05,0.00074232975,0.0024800762,0.042532362,952,1.984697e-05,0.00030896798,0.0011371475,0.017702563,952,0.0014437858,0.022914592,0.014424672,0.22791065,952,0.8562608,24.225573,0.0028561787,0.08080781
17,4,349,251,0.0011881551,0.015193452,0.0011881551,0.015193452,251,0.00071820366,0.015236556,0.00071820366,0.015236556,251,-7.268311e-05,0.00074123795,-0.0041644354,0.042469807,251,-1.5372774e-05,0.0002984606,-0.00088079507,0.017100533,251,-0.002605088,0.02278371,-0.025952473,0.22627512,251,-1.7546196,22.803402,-0.005852781,0.07606396
17,4,350,2,0.006240368,0.008499502,0.006240368,0.008499502,2,-0.0005531311,0.009252076,-0.0005531311,0.009252076,2,0.00046540797,0.00029808359,0.026665913,0.017078932,2,-9.000301e-05,0.00040798148,-0.0051567922,0.023375617,2,0.017878465,0.003817124,0.177773,0.037508767,2,-17.160217,24.349566,-0.057240326,0.08122141
17,4,359,2,0.0029546022,0.025349306,0.0029546022,0.025349306,2,-0.01789856,0.014010287,-0.01789856,0.014010287,2,0.00040327758,0.0012154625,0.023106102,0.06964087,2,-0.00012421608,0.00012728348,-0.007117057,0.007292806,2,0.017818283,0.02684172,0.17784587,0.26785722,2,-2.7363815,15.430165,-0.009127586,0.05146949
17,4,360,229,0.0009440025,0.014040714,0.0009440025,0.014040714,229,0.0010752326,0.01568246,0.0010752326,0.01568246,229,-4.3658223e-05,0.0007542975,-0.002501432,0.04321806,229,2.2965747e-05,0.00030110267,0.0013158405,0.017251913,229,-0.0009778577,0.023374321,-0.009852758,0.23238869,229,-0.9851762,27.323938,-0.0032861943,0.091142856
17,4,361,892,0.00055395707,0.015376749,0.00055395707,0.015376749,892,-0.00028777466,0.01571316,-0.00028777466,0.01571316,892,-6.661404e-06,0.00078427227,-0.00038167025,0.04493549,892,-7.095091e-07,0.00031412212,-4.0651874e-05,0.017997872,892,-8.392289e-05,0.023881637,-0.0008543616,0.23739487,892,-0.587977,24.9661,-0.0019612801,0.08327795
17,4,362,965,-9.074155e-05,0.014523252,-9.074155e-05,0.014523252,965,0.00041716226,0.015554451,0.00041716226,0.015554451,965,5.300828e-05,0.0007511384,0.0030371505,0.04303706,965,1.9804802e-06,0.0003004937,0.00011347318,0.017217021,965,0.001555037,0.023671541,0.015504911,0.2353645,965,1.1562691,25.318792,0.0038568983,0.0844544
17,4,363,205,0.0013129105,0.015610714,0.0013129105,0.015610714,205,6.85561e-05,0.016709711,6.85561e-05,0.016709711,205,-2.81371e-05,0.00075138547,-0.0016121372,0.043051217,205,-9.4070665e-06,0.00029967792,-0.00053898524,0.01717028,205,-0.0007645683,0.023276167,-0.0076449113,0.23158628,205,1.0549902,23.442621,0.0035190685,0.07819617
17,4,364,1,-0.009830236,,-0.009830236,,1,-0.027519226,,-0.027519226,,1,0.0012240857,,0.070134945,,1,-0.00017225742,,-0.009869623,,1,0.046412203,,0.46345687,,1,-1.7726059,,-0.005912777,
17,4,373,1,-0.004486084,,-0.004486084,,1,-0.0141716,,-0.0141716,,1,0.00037813187,,0.02166536,,1,-0.00030612946,,-0.017539926,,1,0.014040321,,0.13949889,,1,-13.422943,,-0.04477412,
17,4,374,242,0.00014344211,0.012520514,0.00014344211,0.012520514,242,0.0014608847,0.014721904,0.0014608847,0.014721904,242,9.848559e-06,0.00077208295,0.0005642811,0.044237096,242,1.5733656e-06,0.0003057728,9.014721e-05,0.01751949,242,0.00034254487,0.02411642,0.0033438462,0.23967874,242,0.076091684,26.012701,0.00025381445,0.08676903
17,4,375,921,0.0002535736,0.014382375,0.0002535736,0.014382375,921,0.0001158148,0.014906404,0.0001158148,0.014906404,921,2.6447895e-05,0.0007573038,0.0015153527,0.04339031,921,-1.4139179e-05,0.00029583002,-0.0008101153,0.016949812,921,0.00058862055,0.023485845,0.005896821,0.23357399,921,1.0090854,25.793049,0.003365947,0.086036354
17,4,376,984,0.0003853917,0.015059919,0.0003853917,0.015059919,984,0.0002486438,0.014875282,0.0002486438,0.014875282,984,-1.332285e-05,0.0007269564,-0.00076334307,0.041651532,984,8.204362e-06,0.0003113781,0.0004700753,0.01784065,984,-0.0001197075,0.022825312,-0.0011838108,0.22701938,984,-0.33292836,24.641077,-0.0011105295,0.08219379
17,4,377,227,-0.00065902347,0.01405969,-0.00065902347,0.01405969,227,0.002664346,0.014877411,0.002664346,0.014877411,227,-4.8741895e-06,0.0007003275,-0.00027927052,0.04012581,227,3.9815903e-05,0.00029940385,0.0022812833,0.017154576,227,0.0005521629,0.022503909,0.005498848,0.22375907,227,1.5862037,25.105158,0.005291006,0.0837418
17,4,378,1,-0.011714458,,-0.011714458,,1,-0.022743225,,-0.022743225,,1,0.00061422586,,0.03519255,,1,3.6239624e-05,,0.0020763776,,1,0.0073627457,,0.07320668,,1,-19.350983,,-0.06454793,
17,4,387,2,-0.0066940784,0.019032504,-0.0066940784,0.019032504,2,0.0027160645,0.02825255,0.0027160645,0.02825255,2,0.0007633567,0.00015687056,0.043737117,0.008988021,2,7.009506e-05,0.00058364955,0.0040161507,0.033440657,2,0.02344837,0.00333056,0.2327095,0.03296049,2,-14.431465,18.3817,-0.048138186,0.061314758
17,4,388,197,0.001465064,0.014345951,0.001465064,0.014345951,197,0.0006953827,0.015451243,0.0006953827,0.015451243,197,-5.0936254e-05,0.0007666923,-0.0029184325,0.043928232,197,1.8002418e-06,0.00032484427,0.00010314626,0.018612206,197,-0.0013643323,0.023043018,-0.013441342,0.22894016,197,1.166102,22.034542,0.0038896978,0.07349932
17,4,389,948,-0.0007267585,0.015573399,-0.0007267585,0.015573399,948,0.00013989546,0.015010344,0.00013989546,0.015010344,948,2.9961142e-05,0.0007652747,0.001716647,0.04384701,948,-6.57399e-06,0.0002984962,-0.00037666186,0.017102571,948,0.00045635545,0.02358885,0.0045424914,0.23458463,948,0.694593,24.19427,0.002316913,0.08070339
17,4,390,997,-0.00080516306,0.015199007,-0.00080516306,0.015199007,997,-0.00087078504,0.015547739,-0.00087078504,0.015547739,997,8.052008e-06,0.0007840962,0.00046134612,0.044925403,997,9.359783e-06,0.00031696635,0.000536276,0.018160833,997,3.2616804e-06,0.024595967,7.3133315e-06,0.24447356,997,0.5904855,24.828503,0.0019696478,0.08281897
17,4,391,201,-0.0010267146,0.013611881,-0.0010267146,0.013611881,201,-0.0022005257,0.014727882,-0.0022005257,0.014727882,201,-3.9804043e-05,0.000744539,-0.0022806036,0.042658944,201,-3.001761e-05,0.0002964546,-0.0017198824,0.016985597,201,-0.0019826405,0.024010567,-0.01967893,0.23860341,201,-0.5272844,25.249958,-0.0017588313,0.0842248
17,4,392,2,-0.010085583,0.022764018,-0.010085583,0.022764018,2,-0.0004348755,0.025646864,-0.0004348755,0.025646864,2,0.0008442998,2.1494892e-05,0.048374817,0.0012315651,2,0.00019335747,0.00079000054,0.011078567,0.045263696,2,0.018765036,0.0117563205,0.18697582,0.11750282,2,-16.810883,39.726246,-0.056075066,0.1325125
17,4,401,2,-0.011095166,0.016335612,-0.011095166,0.016335612,2,0.008041382,0.004429128,0.008041382,0.004429128,2,-0.00054079294,0.00040857156,-0.030985154,0.023409424,2,6.920099e-05,0.00040688567,0.0039649247,0.023312831,2,-0.021832485,0.011938058,-0.21662995,0.118189655,2,-0.35482025,0.5820662,-0.001183553,0.0019415639
17,4,402,221,0.0013725517,0.015042867,0.0013725517,0.015042867,221,-0.0003441985,0.01435851,-0.0003441985,0.01435851,221,-5.3383108e-05,0.0007621131,-0.003058627,0.043665864,221,-1.1794168e-05,0.0003008826,-0.00067575614,0.017239302,221,-0.0017558207,0.023952344,-0.017427169,0.23836303,221,3.0902023,23.180471,0.010307805,0.07732173
17,4,403,970,-0.00078496826,0.015105807,-0.00078496826,0.015105807,970,0.0010182807,0.01443809,0.0010182807,0.01443809,970,5.1855302e-05,0.00077189645,0.00297109,0.044226408,970,1.36050985e-05,0.00030000563,0.0007795147,0.017189056,970,0.0013318339,0.023376612,0.013222554,0.23226018,970,-0.36893424,25.32955,-0.0012306322,0.084490284
17,4,404,941,-0.00021890059,0.014456653,-0.00021890059,0.014456653,941,4.0717034e-05,0.014848273,4.0717034e-05,0.014848273,941,-4.59593e-05,0.0007343667,-0.0026332738,0.042076115,941,-1.847934e-06,0.00031528986,-0.0001058788,0.018064778,941,-0.0015786674,0.023141148,-0.01564293,0.230026,941,0.59643584,25.684721,0.0019894962,0.08567501
17,4,405,223,0.0024586958,0.015075758,0.0024586958,0.015075758,223,-0.0026949784,0.015316863,-0.0026949784,0.015316863,223,-3.504272e-05,0.0007265906,-0.0020078,0.041630574,223,-3.3394637e-05,0.00030768447,-0.0019133717,0.017629022,223,-0.00037854502,0.022136118,-0.003696562,0.22023347,223,0.5563009,25.45941,0.00185562,0.08492345
17,4,406,3,0.029612064,0.00755539,0.029612064,0.00755539,3,0.0082639055,0.009201696,0.0082639055,0.009201696,3,-0.0006717841,0.00035678298,-0.038490396,0.020442158,3,2.9762587e-05,0.000101035854,0.0017052706,0.0057889284,3,-0.015002419,0.008123599,-0.14920507,0.08062692,3,14.016332,1.0471873,0.04675345,0.0034930413
17,4,416,203,0.0001056396,0.01570106,0.0001056396,0.01570106,203,0.0010132709,0.013464195,0.0010132709,0.013464195,203,5.850651e-06,0.00075552304,0.0003352175,0.043288283,203,1.374254e-05,0.00029834418,0.0007873897,0.017093861,203,-0.0006421579,0.023096029,-0.006415425,0.22948012,203,0.5553453,24.750805,0.0018524327,0.0825598
17,4,417,1004,5.0598257e-05,0.015650958,5.0598257e-05,0.015650958,1004,0.00023971927,0.015655728,0.00023971927,0.015655728,1004,4.2241525e-05,0.00074605696,0.0024202613,0.042745914,1004,1.07226615e-05,0.00031416045,0.00061436323,0.018000068,1004,0.0014913215,0.022878155,0.01481182,0.22753994,1004,-0.750298,24.31052,-0.0025027248,0.08109117
17,4,418,939,0.00031048787,0.014726817,0.00031048787,0.014726817,939,-0.00017117841,0.015408708,-0.00017117841,0.015408708,939,-3.4136134e-05,0.00077303476,-0.0019558563,0.04429163,939,-9.247289e-07,0.00032088545,-5.2983076e-05,0.018385382,939,-0.0011363024,0.02421958,-0.011297331,0.24073805,939,-0.14583221,26.37015,-0.00048644398,0.08796135
17,4,419,220,0.0015117389,0.015482978,0.0015117389,0.015482978,220,-0.0012140413,0.014942789,-0.0012140413,0.014942789,220,-4.212423e-06,0.0007835443,-0.00024135418,0.044893783,220,-4.8519265e-05,0.00030751107,-0.002779949,0.017619086,220,-0.0001768913,0.023764092,-0.0017514343,0.23599091,220,-1.6453825,24.339626,-0.0054884055,0.08118826
17,4,420,2,0.012452602,0.0,0.012452602,0.0,2,-0.026187897,0.0,-0.026187897,0.0,2,-8.535385e-05,0.00025473555,-0.004890416,0.014595272,2,-0.0003026724,0.0,-0.01734185,0.0,2,-0.0026058406,0.008385232,-0.02596899,0.08347694,2,0.028335571,0.0,9.4517294e-05,0.0
17,4,429,2,-0.04414177,0.0,-0.04414177,0.0,2,0.022274017,0.0,0.022274017,0.0,2,0.0019185543,0.00027766344,0.10992506,0.015908943,2,0.00017428398,2.916562e-05,0.009985737,0.0016710672,2,0.043811932,0.019635469,0.43335003,0.19313817,2,-30.775131,0.0,-0.10265479,0.0
17,4,430,210,-0.00082858064,0.014256158,-0.00082858064,0.014256158,210,0.00082412065,0.016352637,0.00082412065,0.016352637,210,1.21848925e-05,0.0007232936,0.0006981429,0.04144167,210,6.0540155e-05,0.0003337471,0.003468695,0.0191223,210,-0.0006984884,0.022731299,-0.0069765355,0.22613175,210,-2.1775465,25.502512,-0.0072635147,0.08506723
17,4,431,902,3.6244663e-05,0.014626877,3.6244663e-05,0.014626877,902,-3.026349e-05,0.0149269765,-3.026349e-05,0.0149269765,902,1.3208574e-05,0.0007536963,0.0007567956,0.043183617,902,-3.7315679e-06,0.00030856775,-0.00021380305,0.01767963,902,0.00046427085,0.023524191,0.0046390127,0.2340953,902,2.1718462,24.830023,0.0072444994,0.082824044
17,4,432,888,-0.00043965632,0.014985127,-0.00043965632,0.014985127,888,-0.0006135588,0.015304914,-0.0006135588,0.015304914,888,1.3426752e-05,0.0007716718,0.0007692962,0.044213537,888,-1.5710388e-05,0.0003147978,-0.0009001389,0.018036585,888,0.00066820654,0.02360061,0.0066464464,0.23463629,888,0.16969334,25.293146,0.000566036,0.084368855
17,4,433,238,0.0020796314,0.015433486,0.0020796314,0.015433486,238,0.00071842805,0.01590183,0.00071842805,0.01590183,238,-4.5307042e-05,0.0007373238,-0.0025959022,0.04224554,238,6.9026187e-06,0.0002883969,0.00039549096,0.016523926,238,-0.0014051786,0.022774579,-0.013943525,0.22643448,238,-0.32855448,23.419256,-0.0010959398,0.078118235
17,4,434,2,-0.0025132895,0.0110777095,-0.0025132895,0.0110777095,2,-0.0047273636,0.016644297,-0.0047273636,0.016644297,2,0.000449121,0.0009438365,0.025732737,0.05407785,2,0.00021338463,0.00029620805,0.012226039,0.01697147,2,0.012265749,0.037235454,0.12274767,0.3712006,2,-29.33488,54.377106,-0.097850636,0.1813825
17,4,443,3,0.005540689,0.0139740575,0.005540689,0.0139740575,3,0.008480708,0.0011441554,0.008480708,0.0011441554,3,0.00028912225,0.0006542712,0.016565485,0.03748698,3,-5.4915745e-05,0.00015554398,-0.0031464405,0.008912013,3,0.009562139,0.017835103,0.09480554,0.17689507,3,7.289373,39.633972,0.024314731,0.13220471
17,4,444,203,-0.00056506996,0.015966725,-0.00056506996,0.015966725,203,-0.0017237387,0.013275718,-0.0017237387,0.013275718,203,2.4907695e-05,0.0007956685,0.0014271057,0.04558845,203,-2.784036e-05,0.00030894167,-0.0015951351,0.017701054,203,0.0001895129,0.023808472,0.0018930861,0.23671602,203,3.486739,24.23532,0.011630509,0.08084033
17,4,445,996,-0.00049999444,0.015133263,-0.00049999444,0.015133263,996,0.00032047523,0.015876874,0.00032047523,0.015876874,996,5.4884626e-05,0.00077906705,0.0031446575,0.044637255,996,5.8345527e-06,0.00031614443,0.0003342952,0.018113742,996,0.0016598748,0.02382649,0.016501661,0.23684753,996,1.0782791,24.670279,0.0035967522,0.08229119
17,4,446,997,-0.00070091797,0.014578097,-0.00070091797,0.014578097,997,-0.00036078715,0.015348428,-0.00036078715,0.015348428,997,5.472615e-05,0.0007648288,0.0031355775,0.043821465,997,-1.7030069e-06,0.0003031635,-9.757509e-05,0.01736999,997,0.0015794063,0.023578724,0.01574016,0.2344153,997,0.45685965,24.495104,0.0015239198,0.081706874
17,4,447,232,-0.00048018407,0.015528739,-0.00048018407,0.015528739,232,-0.00010915897,0.015587474,-0.00010915897,0.015587474,232,-9.015716e-06,0.0008212504,-0.00051656255,0.047054183,232,-4.0788076e-05,0.0003293899,-0.0023369845,0.018872652,232,7.0153976e-05,0.025531964,0.00069632096,0.25344414,232,-1.684525,24.385412,-0.005618971,0.08134098
17,4,448,1,-0.003628254,,-0.003628254,,1,-0.012329102,,-0.012329102,,1,0.0009185076,,0.05262661,,1,4.518032e-05,,0.0025886418,,1,0.034939587,,0.34865853,,1,-27.835983,,-0.09285085,
